Id,Level,TopicHeading,Question,Option1,Option2,Option3,Option4,Correct_Option,QuestionType,QuestionData,Subscription
F_ENG_L001_Q001,1,Vocabulary : Beginner,Choose the synonym of happy.,Glad,Tired,Angry,Sad,Glad,Balloon,,
F_ENG_L001_Q002,1,Vocabulary : Beginner,Choose the synonym of big.,Short,Tiny,Large,Little,Large,Balloon,,
F_ENG_L001_Q003,1,Vocabulary : Beginner,Choose the synonym of quick.,Late,Fast,Heavy,Slow,Fast,Balloon,,
F_ENG_L001_Q004,1,Vocabulary : Beginner,Choose the synonym of begin.,Start,Close,Stop,End,Start,Balloon,,
F_ENG_L001_Q005,1,Vocabulary : Beginner,Choose the synonym of smart.,Lazy,Weak,Clever,Dull,Clever,Balloon,,
F_ENG_L001_Q006,1,Vocabulary : Beginner,Synonym of tiny.,Tall,Huge,Long,Small,Small,Balloon,,
F_ENG_L001_Q007,1,Vocabulary : Beginner,Choose the antonym of hot.,Warm,Cold,Soft,Bright,Cold,Balloon,,
F_ENG_L001_Q008,1,Vocabulary : Beginner,Choose the antonym of tall.,High,Long,Wide,Short,Short,Balloon,,
F_ENG_L001_Q009,1,Vocabulary : Beginner,Choose the antonym of clean.,Clear,Dirty,White,Fresh,Dirty,Balloon,,
F_ENG_L001_Q010,1,Vocabulary : Beginner,Choose the antonym of open.,Wide,Loose,Close,Start,Close,Balloon,,
F_ENG_L002_Q011,2,Vocabulary : Beginner,Which word means a young dog?,Kitten,Calf,Foal,Puppy,Puppy,MCQ,,
F_ENG_L002_Q012,2,Vocabulary : Beginner,Which word means a house for birds?,Nest,Hole,Tent,Hut,Nest,MCQ,,
F_ENG_L002_Q013,2,Vocabulary : Beginner,Which word means a place to learn?,Station,Hospital,School,Market,School,MCQ,,
F_ENG_L002_Q014,2,Vocabulary : Beginner,Which word means a person who teaches?,Driver,Doctor,Farmer,Teacher,Teacher,MCQ,,
F_ENG_L002_Q015,2,Vocabulary : Beginner,What do we call a person who writes books?,Author,Pilot,Chef,Nurse,Author,MCQ,,
F_ENG_L002_Q016,2,Vocabulary : Beginner,Which word means food eaten in the morning?,Dinner,Lunch,Supper,Breakfast,Breakfast,MCQ,,
F_ENG_L002_Q017,2,Vocabulary : Beginner,Which word means water falling from clouds?,Snow,Dust,Rain,Wind,Rain,MCQ,,
F_ENG_L002_Q018,2,Vocabulary : Beginner,Which word means a baby cat?,Lamb,Chick,Kitten,Puppy,Kitten,MCQ,,
F_ENG_L002_Q019,2,Vocabulary : Beginner,Which word means the color of grass?,Blue,Green,Red,Black,Green,MCQ,,
F_ENG_L002_Q020,2,Vocabulary : Beginner,Match the synonyms.,,,,,,Match,"[{""left"":""Begin"",""right"":""Start""},{""left"":""End"",""right"":""Finish""},{""left"":""Smart"",""right"":""Clever""},{""left"":""Beautiful"",""right"":""Pretty""}]",
F_ENG_L003_Q021,3,Vocabulary : Beginner,Choose the correct meaning of brave.,Courageous,Weak,Scared,Lazy,Courageous,MCQ,,
F_ENG_L003_Q022,3,Vocabulary : Beginner,Match the synonyms.,,,,,,Match,"[{""left"":""Happy"",""right"":""Glad""},{""left"":""Big"",""right"":""Large""},{""left"":""Small"",""right"":""Tiny""},{""left"":""Fast"",""right"":""Quick""}]",
F_ENG_L003_Q023,3,Vocabulary : Beginner,Choose the correct meaning of empty.,Full,Nothing inside,Heavy,Sweet,Nothing inside,MCQ,,
F_ENG_L003_Q024,3,Vocabulary : Beginner,Choose the word related to reading.,Book,Shoe,Plate,Spoon,Book,MCQ,,
F_ENG_L003_Q025,3,Vocabulary : Beginner,Choose the word related to writing.,Bottle,Window,Pillow,Pencil,Pencil,MCQ,,
F_ENG_L003_Q026,3,Vocabulary : Beginner,Choose the synonym of happy.,Glad,Angry,Sad,Tired,Glad,MCQ,,
F_ENG_L003_Q027,3,Vocabulary : Beginner,Choose the synonym of big.,Large,Little,Tiny,Short,Large,MCQ,,
F_ENG_L003_Q028,3,Vocabulary : Beginner,Choose the synonym of begin.,Close,End,Stop,Start,Start,MCQ,,
F_ENG_L003_Q029,3,Vocabulary : Beginner,Choose the synonym of smart.,Dull,Weak,Lazy,Clever,Clever,MCQ,,
F_ENG_L003_Q030,3,Vocabulary : Beginner,Match the antonyms.,,,,,,Match,"[{""left"":""Hot"",""right"":""Cold""},{""left"":""Up"",""right"":""Down""},{""left"":""Open"",""right"":""Close""},{""left"":""Day"",""right"":""Night""}]",
F_ENG_L004_Q031,4,Vocabulary : Beginner,Choose the antonym of hot.,Bright,Cold,Sharp,Warm,Cold,MCQ,,
F_ENG_L004_Q032,4,Vocabulary : Beginner,Choose the antonym of tall.,Long,Short,High,Wide,Short,MCQ,,
F_ENG_L004_Q033,4,Vocabulary : Beginner,Choose the antonym of clean.,Fresh,Dirty,White,Clear,Dirty,MCQ,,
F_ENG_L004_Q034,4,Vocabulary : Beginner,Choose the antonym of open.,Close,Wide,Start,Loose,Close,MCQ,,
F_ENG_L004_Q035,4,Vocabulary : Beginner,Choose the antonym of early.,Fast,Quick,Soon,Late,Late,MCQ,,
F_ENG_L004_Q036,4,Vocabulary : Beginner,Choose the synonym of brave.,Sad,Courageous,Weak,Cowardly,Courageous,MCQ,,
F_ENG_L004_Q037,4,Vocabulary : Beginner,Choose the antonym of noisy.,Loud,Quiet,Bright,Busy,Quiet,MCQ,,
F_ENG_L004_Q038,4,Vocabulary : Beginner,Choose the synonym of tiny.,Small,Tall,Long,Huge,Small,MCQ,,
F_ENG_L004_Q039,4,Vocabulary : Beginner,Choose the antonym of rich.,Poor,Happy,Wealthy,Strong,Poor,MCQ,,
F_ENG_L004_Q040,4,Vocabulary : Beginner,Match the antonyms.,,,,,,Match,"[{""left"":""Old"",""right"":""Young""},{""left"":""Full"",""right"":""Empty""},{""left"":""Heavy"",""right"":""Light""},{""left"":""Happy"",""right"":""Sad""}]",
F_ENG_L005_Q041,5,Vocabulary : Beginner,Choose the antonym of fast.,Sharp,Early,Slow,Quick,Slow,MCQ,,
F_ENG_L005_Q042,5,Vocabulary : Beginner,Choose the synonym of beautiful.,Ugly,Plain,Pretty,Dirty,Pretty,MCQ,,
F_ENG_L005_Q043,5,Vocabulary : Beginner,Choose the antonym of full.,Tall,Wide,Heavy,Empty,Empty,MCQ,,
F_ENG_L005_Q044,5,Vocabulary : Beginner,Choose the synonym of silent.,Busy,Loud,Quiet,Rough,Quiet,MCQ,,
F_ENG_L005_Q045,5,Vocabulary : Beginner,Choose the antonym of strong.,Weak,Tough,Brave,Hard,Weak,MCQ,,
F_ENG_L005_Q046,5,Vocabulary : Beginner,Choose the synonym of old.,Fresh,New,Ancient,Young,Ancient,MCQ,,
F_ENG_L005_Q047,5,Vocabulary : Beginner,Choose the antonym of near.,Close,Far,By,At,Far,MCQ,,
F_ENG_L005_Q048,5,Vocabulary : Beginner,Choose the synonym of help.,Push,Assist,Hurt,Stop,Assist,MCQ,,
F_ENG_L005_Q049,5,Vocabulary : Beginner,Choose the antonym of light.,Bright,Dark,Clear,Shiny,Dark,MCQ,,
F_ENG_L005_Q050,5,Vocabulary : Beginner,Match the synonyms and antonyms.,,,,,,Match,"[{""left"":""Rich"",""right"":""Wealthy""},{""left"":""Silent"",""right"":""Quiet""},{""left"":""Early"",""right"":""Late""},{""left"":""Clean"",""right"":""Dirty""}]",
F_ENG_L006_Q051,6,,,,,,,,Lesson,English/noun.md,
F_ENG_L006_Q052,6,Naming Words,Which word is the name of a city?,tiger,Dhaka,school,book,Dhaka,MCQ,,
F_ENG_L006_Q053,6,Naming Words,Which word is a person's name?,Rahim,boy,school,chair,Rahim,MCQ,,
F_ENG_L006_Q054,6,Naming Words,Which word is the name of a country?,Bangladesh,river,apple,teacher,Bangladesh,MCQ,,
F_ENG_L006_Q055,6,Naming Words,Which word is the name of a girl?,Mina,cat,table,park,Mina,MCQ,,
F_ENG_L006_Q056,6,Naming Words,Which word is the name of a boy?,Karim,bird,school,tree,Karim,MCQ,,
F_ENG_L006_Q057,6,Naming Words,Which word is the name of a river?,Padma,book,doctor,bicycle,Padma,MCQ,,
F_ENG_L006_Q058,6,Naming Words,Which word is the name of a school?,Sunrise School,lion,banana,bus,Sunrise School,MCQ,,
F_ENG_L006_Q059,6,Naming Words,Which word is the name of a day?,Monday,teacher,apple,garden,Monday,MCQ,,
F_ENG_L006_Q060,6,Naming Words,Which word is the name of a month?,July,rabbit,table,flower,July,MCQ,,
F_ENG_L006_Q061,6,Naming Words,Which word is the name of a planet?,Earth,pencil,farmer,hospital,Earth,MCQ,,
F_ENG_L007_Q062,7,Naming Words,Which word is a Noun (Naming Word)?,apple,quickly,happy,run,apple,MCQ,,
F_ENG_L007_Q063,7,Naming Words,Which word is a Noun (Naming Word)?,jump,blue,school,sing,school,MCQ,,
F_ENG_L007_Q064,7,Naming Words,Which word is a Noun (Naming Word)?,cat,fast,swim,beautiful,cat,MCQ,,
F_ENG_L007_Q065,7,Naming Words,Which word is a Noun (Naming Word)?,teacher,kind,read,slowly,teacher,MCQ,,
F_ENG_L007_Q066,7,Naming Words,Which word is a Noun (Naming Word)?,dance,loudly,strong,book,book,MCQ,,
F_ENG_L007_Q067,7,Naming Words,The _________ is barking loudly. (Noun),quickly,dog,run,happy,dog,MCQ,,
F_ENG_L007_Q068,7,Naming Words,I read a _________ before bedtime. (Noun),book,sing,blue,jump,book,MCQ,,
F_ENG_L007_Q069,7,Naming Words,We visited the _________ on Sunday. (Noun),play,nice,park,fast,park,MCQ,,
F_ENG_L007_Q070,7,Naming Words,The _________ shines at night. (Noun),swim,run,moon,brightly,moon,MCQ,,
F_ENG_L007_Q071,7,Naming Words,My sister has a pet _________. (Noun),kind,quickly,rabbit,jump,rabbit,MCQ,,
F_ENG_L008_Q072,8,Naming Words,"Pick out the Naming Word: ""The boy is running.""",fast,ran,kicked,boy,boy,MCQ,,
F_ENG_L008_Q073,8,Naming Words,"Pick out the Naming Word: ""The bird is flying.""",flew,quickly,over,bird,bird,MCQ,,
F_ENG_L008_Q074,8,Naming Words,"Pick out the Naming Word: ""The teacher smiled.""",wrote,teacher,neatly,on,teacher,MCQ,,
F_ENG_L008_Q075,8,Naming Words,"Pick out the Naming Word: ""The baby is sleeping.""",baby,quietly,sleeping,is,baby,MCQ,,
F_ENG_L008_Q076,8,Naming Words,"Which two words are naming words: ""The farmer works in the field.""",works & field,farmer & works,field & works,farmer & field,farmer & field,MCQ,,
F_ENG_L008_Q077,8,Naming Words,Which word names a place?,run,jump,Dhaka,happy,Dhaka,MCQ,,
F_ENG_L008_Q078,8,Naming Words,Which word names a person?,blue,teacher,write,swim,teacher,MCQ,,
F_ENG_L008_Q079,8,Naming Words,Which word names an animal?,jump,fast,kind,tiger,tiger,MCQ,,
F_ENG_L008_Q080,8,Naming Words,Which word names a thing?,run,play,loudly,pencil,pencil,MCQ,,
F_ENG_L008_Q081,8,Naming Words,A noun is a _________ word.,doing,describing,joining,naming,naming,MCQ,,
F_ENG_L009_Q082,9,Naming Words,Which word is NOT a Noun?,teacher,school,run,book,run,MCQ,,
F_ENG_L009_Q083,9,Naming Words,Which word is NOT a Noun?,happy,cat,tree,boy,happy,MCQ,,
F_ENG_L009_Q084,9,Naming Words,Which word is a Naming Word?,car,sing,beautiful,quickly,car,MCQ,,
F_ENG_L009_Q085,9,Naming Words,Which word is a Naming Word?,elephant,kind,slowly,jump,elephant,MCQ,,
F_ENG_L009_Q086,9,Naming Words,Which word is a Naming Word?,hospital,run,blue,write,hospital,MCQ,,
F_ENG_L009_Q087,9,Naming Words,Which word is a Noun (Naming Word)?,hospital,sing,happy,quickly,hospital,MCQ,,
F_ENG_L009_Q088,9,Naming Words,Which word is a Noun (Naming Word)?,jump,run,elephant,blue,elephant,MCQ,,
F_ENG_L009_Q089,9,Naming Words,Which word is a Noun (Naming Word)?,bicycle,swim,slowly,kind,bicycle,MCQ,,
F_ENG_L009_Q090,9,Naming Words,Which word is a Noun (Naming Word)?,write,garden,loudly,fast,garden,MCQ,,
F_ENG_L009_Q091,9,Naming Words,Which word is a Noun (Naming Word)?,computer,beautiful,dance,quickly,computer,MCQ,,
F_ENG_L010_Q092,10,Naming Words,The _________ rang loudly at the end of class. (Noun),bell,happy,run,jump,bell,MCQ,,
F_ENG_L010_Q093,10,Naming Words,We crossed the _________ to reach the village. (Noun),sing,kind,bridge,slowly,bridge,MCQ,,
F_ENG_L010_Q094,10,Naming Words,The _________ carried our books to school. (Noun),fast,bag,blue,play,bag,MCQ,,
F_ENG_L010_Q095,10,Naming Words,I saw a _________ in the zoo. (Noun),happy,quickly,giraffe,run,giraffe,MCQ,,
F_ENG_L010_Q096,10,Naming Words,The _________ stopped at the station. (Noun),kind,train,jump,loudly,train,MCQ,,
F_ENG_L010_Q097,10,Naming Words,"Pick out the Naming Word: ""The girl drew a picture.""",beautifully,drew,girl,a,girl,MCQ,,
F_ENG_L010_Q098,10,Naming Words,"Pick out the Naming Word: ""The lion slept under a tree.""",slept,quietly,lion,under,lion,MCQ,,
F_ENG_L010_Q099,10,Naming Words,"Pick out the Naming Word: ""The doctor helped the patient.""",doctor,helped,carefully,the,doctor,MCQ,,
F_ENG_L010_Q100,10,Naming Words,"Pick out the Naming Word: ""The children played in the playground.""",children,in,happily,played,children,MCQ,,
F_ENG_L010_Q101,10,Naming Words,"Which two words are naming words: ""The ship sailed across the sea.""",ship & sea,sailed & across,ship & sailed,sailed & sea,ship & sea,MCQ,,
F_ENG_L011_Q102,11,Naming Words,Which word names a place?,run,jump,city,kind,city,MCQ,,
F_ENG_L011_Q103,11,Naming Words,Which word names a person?,blue,nurse,write,quickly,nurse,MCQ,,
F_ENG_L011_Q104,11,Naming Words,Which word names an animal?,slowly,zebra,play,happy,zebra,MCQ,,
F_ENG_L011_Q105,11,Naming Words,Which word names a thing?,sing,clock,beautifully,run,clock,MCQ,,
F_ENG_L011_Q106,11,Naming Words,"A noun can name a person, place, animal, or _________.",describe,doing,thing,action,thing,MCQ,,
F_ENG_L011_Q107,11,Naming Words,Which word is NOT a Noun?,school,run,teacher,book,run,MCQ,,
F_ENG_L011_Q108,11,Naming Words,Which word is NOT a Noun?,elephant,car,garden,happy,happy,MCQ,,
F_ENG_L011_Q109,11,Naming Words,Which word is a Naming Word?,quickly,kind,mountain,jump,mountain,MCQ,,
F_ENG_L011_Q110,11,Naming Words,Which word is a Naming Word?,play,beautiful,loudly,river,river,MCQ,,
F_ENG_L011_Q111,11,Naming Words,Which word is a Naming Word?,run,airport,slowly,sing,airport,MCQ,,
F_ENG_L012_Q112,12,Naming Words,Which word is a Noun (Naming Word)?,market,quickly,run,happy,market,MCQ,,
F_ENG_L012_Q113,12,Naming Words,Which word is a Noun (Naming Word)?,jump,slowly,beautiful,teacher,teacher,MCQ,,
F_ENG_L012_Q114,12,Naming Words,Which word is a Noun (Naming Word)?,loudly,castle,play,kind,castle,MCQ,,
F_ENG_L012_Q115,12,Naming Words,Which word is a Noun (Naming Word)?,blue,pilot,fast,swim,pilot,MCQ,,
F_ENG_L012_Q116,12,Naming Words,Which word is a Noun (Naming Word)?,island,quickly,sing,happy,island,MCQ,,
F_ENG_L012_Q117,12,Naming Words,The _________ flew high in the sky. (Noun),jump,slowly,run,kite,kite,MCQ,,
F_ENG_L012_Q118,12,Naming Words,We visited the _________ to borrow books. (Noun),library,play,quickly,kind,library,MCQ,,
F_ENG_L012_Q119,12,Naming Words,The _________ cooked a delicious meal. (Noun),fast,sing,chef,loudly,chef,MCQ,,
F_ENG_L012_Q120,12,Naming Words,I wrote with a _________. (Noun),jump,happy,crayon,run,crayon,MCQ,,
F_ENG_L012_Q121,12,Naming Words,The _________ carried passengers across the river. (Noun),kind,boat,swim,slowly,boat,MCQ,,
F_ENG_L013_Q122,13,Naming Words,"Which two words are naming words: ""The monkey climbed the tree.""",climbed & tree,monkey & climbed,monkey & tree,climbed & tree,monkey & tree,MCQ,,
F_ENG_L013_Q123,13,Naming Words,"Which two words are naming words: ""The baker sold fresh bread.""",bread & fresh,baker & bread,fresh & baker,fresh & sold,baker & bread,MCQ,,
F_ENG_L013_Q124,13,Naming Words,"Which two words are naming words: ""The rabbit hid in the bush.""",rabbit & hid,hid & bush,rabbit & bush,hid & in,rabbit & bush,MCQ,,
F_ENG_L013_Q125,13,Naming Words,"Which two words are naming words: ""The artist painted a picture.""",artist & painted,painted & picture,artist & picture,,artist & picture,MCQ,,
F_ENG_L013_Q126,13,Naming Words,"Which two words are naming words: ""The bus stopped near the school.""",bus & stopped,stopped & school,near & stopped,bus & school,bus & school,MCQ,,
F_ENG_L013_Q127,13,Naming Words,Which word names a place?,beach,run,happy,jump,beach,MCQ,,
F_ENG_L013_Q128,13,Naming Words,Which word names a person?,quickly,blue,firefighter,swim,firefighter,MCQ,,
F_ENG_L013_Q129,13,Naming Words,Which word names an animal?,play,loudly,penguin,kind,penguin,MCQ,,
F_ENG_L013_Q130,13,Naming Words,Which word names a thing?,helmet,run,happily,sing,helmet,MCQ,,
F_ENG_L013_Q131,13,Naming Words,A Naming Word is another name for a _________.,conjunction,verb,noun,adjective,noun,MCQ,,
F_ENG_L014_Q132,14,Naming Words,Which word is NOT a Noun?,carrot,school,tiger,run,run,MCQ,,
F_ENG_L014_Q133,14,Naming Words,Which word is NOT a Noun?,airport,teacher,book,happy,happy,MCQ,,
F_ENG_L014_Q134,14,Naming Words,Which word is a Naming Word?,jump,quickly,kind,crown,crown,MCQ,,
F_ENG_L014_Q135,14,Naming Words,Which word is a Naming Word?,loudly,play,forest,beautiful,forest,MCQ,,
F_ENG_L014_Q136,14,Naming Words,Which word is a Naming Word?,slowly,run,sing,astronaut,astronaut,MCQ,,
F_ENG_L014_Q137,14,Naming Words,Which word is NOT a Noun?,apple,school,chair,quickly,quickly,MCQ,,
F_ENG_L014_Q138,14,Naming Words,Which word is a Naming Word?,dance,river,loudly,kind,river,MCQ,,
F_ENG_L014_Q139,14,Naming Words,Which word is a Naming Word?,happy,pencil,run,slowly,pencil,MCQ,,
F_ENG_L014_Q140,14,Naming Words,Which word is NOT a Noun?,teacher,mountain,quickly,garden,quickly,MCQ,,
F_ENG_L014_Q141,14,Naming Words,Which word is a Naming Word?,jump,bird,loudly,kind,bird,MCQ,,
F_ENG_L015_Q142,15,,,,,,,,Lesson,English/verb.md,
F_ENG_L015_Q143,15,Action Words,What action is shown in the picture?,catching,drinking,reading,writing,catching,MCQ,catch.png,
F_ENG_L015_Q144,15,Action Words,What action is shown in the picture?,drinking,eating,pushing,swimming,drinking,MCQ,drink.png,
F_ENG_L015_Q145,15,Action Words,What action is shown in the picture?,eating,throwing,reading,sliding,eating,MCQ,eat.png,
F_ENG_L015_Q146,15,Action Words,What action is shown in the picture?,pushing,catching,writing,swimming,pushing,MCQ,push.png,
F_ENG_L015_Q147,15,Action Words,What action is shown in the picture?,reading,drinking,throwing,sleeping,reading,MCQ,read.png,
F_ENG_L015_Q148,15,Action Words,What action is shown in the picture?,sleeping,sliding,swimming,writing,sleeping,MCQ,sleep.png,
F_ENG_L015_Q149,15,Action Words,What action is shown in the picture?,sliding,catching,eating,pushing,sliding,MCQ,slide.png,
F_ENG_L015_Q150,15,Action Words,What action is shown in the picture?,swimming,drinking,throwing,reading,swimming,MCQ,swim.png,
F_ENG_L015_Q151,15,Action Words,What action is shown in the picture?,throwing,pushing,eating,writing,throwing,MCQ,throw.png,
F_ENG_L015_Q152,15,Action Words,What action is shown in the picture?,writing,reading,catching,drinking,writing,MCQ,write.png,
F_ENG_L016_Q153,16,Action Words,I _____ the bus because I was late. (Verb),ate,jumped,missed,rushed,missed,MCQ,,
F_ENG_L016_Q154,16,Action Words,She _____ her homework before dinner. (Verb),completed,painted,danced,slept,completed,MCQ,,
F_ENG_L016_Q155,16,Action Words,They _____ football in the field yesterday. (Verb),played,washed,opened,cooked,played,MCQ,,
F_ENG_L016_Q156,16,Action Words,We _____ to the zoo last Sunday. (Verb),drank,sang,walked,repaired,walked,MCQ,,
F_ENG_L016_Q157,16,Action Words,He _____ a glass of water after running. (Verb),kicked,watched,closed,drank,drank,MCQ,,
F_ENG_L016_Q158,16,Action Words,The baby _____ loudly at night. (Verb),fixed,cried,jumped,built,cried,MCQ,,
F_ENG_L016_Q159,16,Action Words,My father _____ a new car last year. (Verb),bought,climbed,threw,painted,bought,MCQ,,
F_ENG_L016_Q160,16,Action Words,The teacher _____ the lesson clearly. (Verb),chased,explained,washed,borrowed,explained,MCQ,,
F_ENG_L016_Q161,16,Action Words,I _____ my friend at the market yesterday. (Verb),met,pushed,cleaned,opened,met,MCQ,,
F_ENG_L016_Q162,16,Action Words,She _____ the flowers every morning. (Verb),breaks,tears,cuts,waters,waters,MCQ,,
F_ENG_L017_Q163,17,Action Words,The dog _____ after the cat. (Verb),smiled,cooked,ran,slept,ran,MCQ,,
F_ENG_L017_Q164,17,Action Words,We _____ a movie together last night. (Verb),repaired,planted,watched,mixed,watched,MCQ,,
F_ENG_L017_Q165,17,Action Words,He _____ the door carefully. (Verb),kicked,opened,climbed,folded,opened,MCQ,,
F_ENG_L017_Q166,17,Action Words,They _____ the classroom before leaving. (Verb),borrowed,chased,cleaned,painted,cleaned,MCQ,,
F_ENG_L017_Q167,17,Action Words,I _____ my keys on the table. (Verb),shouted,drew,climbed,kept,kept,MCQ,,
F_ENG_L017_Q168,17,Action Words,The boys _____ in the river during summer. (Verb),built,fixed,carried,swam,swam,MCQ,,
F_ENG_L017_Q169,17,Action Words,She _____ a beautiful song at the event. (Verb),jumped,washed,sang,pushed,sang,MCQ,,
F_ENG_L017_Q170,17,Action Words,We _____ our grandparents during Eid vacation. (Verb),borrowed,visited,painted,repaired,visited,MCQ,,
F_ENG_L017_Q171,17,Action Words,He _____ the heavy box upstairs. (Verb),slept,smiled,carried,floated,carried,MCQ,,
F_ENG_L017_Q172,17,Action Words,The students _____ quietly in the library. (Verb),studied,climbed,shouted,chased,studied,MCQ,,
F_ENG_L018_Q173,18,Action Words,I _____ an interesting storybook yesterday. (Verb),read,opened,repaired,pushed,read,MCQ,,
F_ENG_L018_Q174,18,Action Words,Mother _____ delicious biryani for lunch. (Verb),cooked,climbed,washed,chased,cooked,MCQ,,
F_ENG_L018_Q175,18,Action Words,The bird _____ high in the sky. (Verb),flew,crawled,folded,repaired,flew,MCQ,,
F_ENG_L018_Q176,18,Action Words,We _____ the match with great excitement. (Verb),enjoyed,mixed,planted,borrowed,enjoyed,MCQ,,
F_ENG_L018_Q177,18,Action Words,He _____ his bicycle very fast. (Verb),rode,slept,smiled,painted,rode,MCQ,,
F_ENG_L018_Q178,18,Action Words,The children _____ happily in the playground. (Verb),painted,laughed,repaired,folded,laughed,MCQ,,
F_ENG_L018_Q179,18,Action Words,I _____ my old teacher at the shopping mall. (Verb),cooked,saw,planted,climbed,saw,MCQ,,
F_ENG_L018_Q180,18,Action Words,She _____ the answer correctly in class. (Verb),answered,washed,floated,borrowed,answered,MCQ,,
F_ENG_L018_Q181,18,Action Words,They _____ trees beside the road last year. (Verb),planted,repaired,pushed,shouted,planted,MCQ,,
F_ENG_L018_Q182,18,Action Words,He _____ his hands before eating. (Verb),carried,mixed,washed,kicked,washed,MCQ,,
F_ENG_L019_Q183,19,Action Words,We _____ tea together in the evening. (Verb),drank,painted,climbed,fixed,drank,MCQ,,
F_ENG_L019_Q184,19,Action Words,The cat _____ under the table quietly. (Verb),borrowed,slept,repaired,opened,slept,MCQ,,
F_ENG_L019_Q185,19,Action Words,She _____ a letter to her cousin yesterday. (Verb),wrote,folded,pushed,climbed,wrote,MCQ,,
F_ENG_L019_Q186,19,Action Words,The boy _____ the ball very hard. (Verb),washed,planted,repaired,kicked,kicked,MCQ,,
F_ENG_L019_Q187,19,Action Words,I _____ my bag near the window. (Verb),mixed,placed,floated,chased,placed,MCQ,,
F_ENG_L019_Q188,19,Action Words,They _____ the problem very quickly. (Verb),climbed,painted,solved,shouted,solved,MCQ,,
F_ENG_L019_Q189,19,Action Words,He _____ his little sister to school. (Verb),borrowed,repaired,took,folded,took,MCQ,,
F_ENG_L019_Q190,19,Action Words,The farmer _____ rice in the field. (Verb),washes,fixes,climbs,grows,grows,MCQ,,
F_ENG_L019_Q191,19,Action Words,We _____ the picnic very much. (Verb),carried,planted,pushed,enjoyed,enjoyed,MCQ,,
F_ENG_L019_Q192,19,Action Words,She _____ the candle with a match. (Verb),borrowed,floated,painted,lit,lit,MCQ,,
F_ENG_L020_Q193,20,Action Words,The students _____ the national anthem together. (Verb),repaired,sang,folded,chased,sang,MCQ,,
F_ENG_L020_Q194,20,Action Words,I _____ the window because it was hot. (Verb),opened,planted,climbed,mixed,opened,MCQ,,
F_ENG_L020_Q195,20,Action Words,He _____ all the questions in the exam. (Verb),floated,answered,repaired,shouted,answered,MCQ,,
F_ENG_L020_Q196,20,Action Words,The girls _____ colorful pictures in art class. (Verb),borrowed,climbed,drew,fixed,drew,MCQ,,
F_ENG_L020_Q197,20,Action Words,We _____ our lunch under the big tree. (Verb),ate,painted,folded,repaired,ate,MCQ,,
F_ENG_L020_Q198,20,Action Words,She _____ the baby gently to sleep. (Verb),chased,washed,hugged,planted,hugged,MCQ,,
F_ENG_L020_Q199,20,Action Words,The train _____ at the station on time. (Verb),floated,arrived,repaired,climbed,arrived,MCQ,,
F_ENG_L020_Q200,20,Action Words,I _____ my phone charger from my friend. (Verb),borrowed,painted,kicked,mixed,borrowed,MCQ,,
F_ENG_L020_Q201,20,Action Words,They _____ the floor after the party. (Verb),folded,shouted,climbed,swept,swept,MCQ,,
F_ENG_L020_Q202,20,Action Words,He _____ the truth without fear. (Verb),spoke,floated,repaired,planted,spoke,MCQ,,
F_ENG_L021_Q203,21,Action Words,The doctor treats patients with proper care. Choose the correct verb.,doctor,patients,proper,treats,treats,MCQ,,
F_ENG_L021_Q204,21,Action Words,My brother plays cricket every afternoon. Choose the correct verb.,afternoon,brother,cricket,plays,plays,MCQ,,
F_ENG_L021_Q205,21,Action Words,The teacher explains the lesson clearly. Choose the correct verb.,clearly,teacher,lesson,explains,explains,MCQ,,
F_ENG_L021_Q206,21,Action Words,Birds fly in the blue sky. Choose the correct verb.,fly,sky,blue,birds,fly,MCQ,,
F_ENG_L021_Q207,21,Action Words,The baby cries loudly at night. Choose the correct verb.,cries,night,loudly,baby,cries,MCQ,,
F_ENG_L021_Q208,21,Action Words,Mother cooks delicious food for us. Choose the correct verb.,delicious,food,mother,cooks,cooks,MCQ,,
F_ENG_L021_Q209,21,Action Words,The boy opened the window quickly. Choose the correct verb.,window,boy,quickly,opened,opened,MCQ,,
F_ENG_L021_Q210,21,Action Words,Farmers grow rice in the village. Choose the correct verb.,rice,farmers,grow,village,grow,MCQ,,
F_ENG_L021_Q211,21,Action Words,She writes beautiful stories in her notebook. Choose the correct verb.,notebook,stories,writes,beautiful,writes,MCQ,,
F_ENG_L021_Q212,21,Action Words,The dog chased the cat yesterday. Choose the correct verb.,cat,yesterday,dog,chased,chased,MCQ,,
F_ENG_L022_Q213,22,Action Words,We watched a movie last night. Choose the correct verb.,night,movie,watched,last,watched,MCQ,,
F_ENG_L022_Q214,22,Action Words,The student answered the question correctly. Choose the correct verb.,student,question,correctly,answered,answered,MCQ,,
F_ENG_L022_Q215,22,Action Words,Father drives carefully on busy roads. Choose the correct verb.,father,busy,drives,roads,drives,MCQ,,
F_ENG_L022_Q216,22,Action Words,The children laughed at the funny clown. Choose the correct verb.,children,funny,laughed,clown,laughed,MCQ,,
F_ENG_L022_Q217,22,Action Words,My friend borrowed my pencil yesterday. Choose the correct verb.,pencil,friend,yesterday,borrowed,borrowed,MCQ,,
F_ENG_L022_Q218,22,Action Words,The train arrived at the station late. Choose the correct verb.,arrived,late,station,train,arrived,MCQ,,
F_ENG_L022_Q219,22,Action Words,The girls danced beautifully on the stage. Choose the correct verb.,stage,girls,beautifully,danced,danced,MCQ,,
F_ENG_L022_Q220,22,Action Words,He repaired the broken chair himself. Choose the correct verb.,broken,repaired,himself,chair,repaired,MCQ,,
F_ENG_L022_Q221,22,Action Words,The cat slept under the table quietly. Choose the correct verb.,cat,table,slept,quietly,slept,MCQ,,
F_ENG_L022_Q222,22,Action Words,Students study hard before exams. Choose the correct verb.,exams,students,hard,study,study,MCQ,,
F_ENG_L023_Q223,23,Action Words,The bird built a nest in the tree. Choose the correct verb.,bird,nest,built,tree,built,MCQ,,
F_ENG_L023_Q224,23,Action Words,My uncle bought a new bicycle yesterday. Choose the correct verb.,yesterday,bicycle,uncle,bought,bought,MCQ,,
F_ENG_L023_Q225,23,Action Words,The chef prepared tasty soup for dinner. Choose the correct verb.,chef,tasty,prepared,dinner,prepared,MCQ,,
F_ENG_L023_Q226,23,Action Words,The players practiced before the match.. Choose the correct verb.,regularly,players,match,practiced,practiced,MCQ,,
F_ENG_L023_Q227,23,Action Words,She carried the heavy bag upstairs. Choose the correct verb.,bag,carried,upstairs,heavy,carried,MCQ,,
F_ENG_L023_Q228,23,Action Words,The mechanic fixed the car carefully. Choose the correct verb.,car,fixed,mechanic,carefully,fixed,MCQ,,
F_ENG_L023_Q229,23,Action Words,The baby smiled at her mother happily. Choose the correct verb.,smiled,baby,happily,mother,smiled,MCQ,,
F_ENG_L023_Q230,23,Action Words,The boys climbed the tall tree quickly. Choose the correct verb.,tree,climbed,boys,tall,climbed,MCQ,,
F_ENG_L023_Q231,23,Action Words,My sister painted a beautiful picture yesterday. Choose the correct verb.,beautiful,picture,sister,painted,painted,MCQ,,
F_ENG_L023_Q232,23,Action Words,The teacher checked our homework in class. Choose the correct verb.,class,teacher,checked,homework,checked,MCQ,,
F_ENG_L024_Q233,24,Action Words,The lion roared loudly in the jungle. Choose the correct verb.,roared,jungle,loudly,lion,roared,MCQ,,
F_ENG_L024_Q234,24,Action Words,The students listened to the story carefully. Choose the correct verb.,listened,carefully,students,story,listened,MCQ,,
F_ENG_L024_Q235,24,Action Words,Father cleaned the garage on Sunday. Choose the correct verb.,cleaned,father,garage,Sunday,cleaned,MCQ,,
F_ENG_L024_Q236,24,Action Words,The fisherman caught a big fish today. Choose the correct verb.,fish,caught,fisherman,big,caught,MCQ,,
F_ENG_L024_Q237,24,Action Words,My cousin visited us during the holidays. Choose the correct verb.,holidays,visited,cousin,us,visited,MCQ,,
F_ENG_L024_Q238,24,Action Words,The child dropped the glass accidentally. Choose the correct verb.,accidentally,child,glass,dropped,dropped,MCQ,,
F_ENG_L024_Q239,24,Action Words,The birds chirped sweetly in the morning. Choose the correct verb.,birds,morning,sweetly,chirped,chirped,MCQ,,
F_ENG_L024_Q240,24,Action Words,The shopkeeper counted the money twice. Choose the correct verb.,shopkeeper,counted,twice,money,counted,MCQ,,
F_ENG_L024_Q241,24,Action Words,The players celebrated after winning.. Choose the correct verb.,players,joyfully,celebrated,victory,celebrated,MCQ,,
F_ENG_L024_Q242,24,Action Words,My grandfather told interesting stories at night. Choose the correct verb.,grandfather,stories,night,told,told,MCQ,,
F_ENG_L025_Q243,25,Action Words,The girl folded her clothes neatly. Choose the correct verb.,clothes,folded,neatly,girl,folded,MCQ,,
F_ENG_L025_Q244,25,Action Words,The driver stopped the bus near the market. Choose the correct verb.,driver,bus,stopped,market,stopped,MCQ,,
F_ENG_L025_Q245,25,Action Words,The students copied the notes from the board. Choose the correct verb.,notes,copied,board,students,copied,MCQ,,
F_ENG_L025_Q246,25,Action Words,The waiter served food. Choose the correct verb.,guests,politely,served,waiter,served,MCQ,,
F_ENG_L025_Q247,25,Action Words,The boy threw the ball over the fence. Choose the correct verb.,ball,fence,threw,boy,threw,MCQ,,
F_ENG_L025_Q248,25,Action Words,My aunt baked a cake for my birthday. Choose the correct verb.,cake,aunt,birthday,baked,baked,MCQ,,
F_ENG_L025_Q249,25,Action Words,The policeman helped people cross the road.,helped,road,policeman,people,helped,MCQ,,
F_ENG_L025_Q250,25,Action Words,The artist drew a picture. Choose the correct verb.,picture,drew,artist,,drew,MCQ,,
F_ENG_L025_Q251,25,Action Words,The little girl hugged her teddy bear tightly. Choose the correct verb.,girl,teddy bear,tightly,hugged,hugged,MCQ,,
F_ENG_L025_Q252,25,Action Words,The students completed the project before deadline. Choose the correct verb.,completed,project,deadline,students,completed,MCQ,,
F_ENG_L026_Q253,26,,,,,,,,Lesson,English/adjective.md,
F_ENG_L026_Q254,26,Describing Words,She wore a _____ dress to the party. (Adjective),softly,beautiful,quickly,danced,beautiful,MCQ,,
F_ENG_L026_Q255,26,Describing Words,The _____ tiger scared the villagers. (Adjective),jumped,slowly,fierce,loudly,fierce,MCQ,,
F_ENG_L026_Q256,26,Describing Words,We live in a _____ house near the river. (Adjective),ran,happily,small,carefully,small,MCQ,,
F_ENG_L026_Q257,26,Describing Words,The soup was very _____ today. (Adjective),tasty,ate,loudly,quickly,tasty,MCQ,,
F_ENG_L026_Q258,26,Describing Words,He bought a _____ bicycle for his son. (Adjective),shiny,repaired,neatly,shouted,shiny,MCQ,,
F_ENG_L026_Q259,26,Describing Words,The mountain is very _____. (Adjective),high,climbed,silently,played,high,MCQ,,
F_ENG_L026_Q260,26,Describing Words,My grandfather told an _____ story. (Adjective),pushed,interesting,walked,slowly,interesting,MCQ,,
F_ENG_L026_Q261,26,Describing Words,The baby has _____ cheeks. (Adjective),opened,quickly,soft,cried,soft,MCQ,,
F_ENG_L026_Q262,26,Describing Words,We saw a _____ rainbow after the rain. (Adjective),loudly,jumped,danced,colorful,colorful,MCQ,,
F_ENG_L026_Q263,26,Describing Words,Match the noun with the best describing word.,,,,,,Match,"[{""left"":""Lion"",""right"":""Brave""},{""left"":""Ice"",""right"":""Cold""},{""left"":""Flower"",""right"":""Beautiful""},{""left"":""Feather"",""right"":""Soft""}]",
F_ENG_L027_Q264,27,Describing Words,The _____ puppy followed the boy home. (Adjective),sadly,repaired,cute,climbed,cute,MCQ,,
F_ENG_L027_Q265,27,Describing Words,She gave me a _____ smile. (Adjective),painted,warm,fixed,silently,warm,MCQ,,
F_ENG_L027_Q266,27,Describing Words,The road becomes _____ during winter. (Adjective),folded,slippery,washed,shouted,slippery,MCQ,,
F_ENG_L027_Q267,27,Describing Words,It was a _____ day at the beach. (Adjective),swam,loudly,chased,sunny,sunny,MCQ,,
F_ENG_L027_Q268,27,Describing Words,The _____ flowers filled the garden with beauty. (Adjective),quickly,beautiful,repaired,opened,beautiful,MCQ,,
F_ENG_L027_Q269,27,Describing Words,He carried a _____ bag to school. (Adjective),laughed,floated,softly,heavy,heavy,MCQ,,
F_ENG_L027_Q270,27,Describing Words,The movie was very _____. (Adjective),pushed,carefully,watched,exciting,exciting,MCQ,,
F_ENG_L027_Q271,27,Describing Words,They adopted a _____ kitten from the shelter. (Adjective),climbed,tiny,borrowed,neatly,tiny,MCQ,,
F_ENG_L027_Q272,27,Describing Words,The teacher gave us a _____ task. (Adjective),danced,difficult,silently,explained,difficult,MCQ,,
F_ENG_L027_Q273,27,Describing Words,Match the object with its describing word.,,,,,,Match,"[{""left"":""Ball"",""right"":""Round""},{""left"":""Lemon"",""right"":""Sour""},{""left"":""Candy"",""right"":""Sweet""},{""left"":""Rock"",""right"":""Hard""}]",
F_ENG_L028_Q274,28,Describing Words,The _____ river flows through the village. (Adjective),wide,carried,happily,folded,wide,MCQ,,
F_ENG_L028_Q275,28,Describing Words,She wore a _____ scarf in winter. (Adjective),softly,jumped,woolen,washed,woolen,MCQ,,
F_ENG_L028_Q276,28,Describing Words,The child solved the _____ puzzle quickly. (Adjective),hard,laughed,repaired,opened,hard,MCQ,,
F_ENG_L028_Q277,28,Describing Words,The old man lived in a _____ cottage. (Adjective),shouted,climbed,quiet,painted,quiet,MCQ,,
F_ENG_L028_Q278,28,Describing Words,We visited a _____ museum during our trip. (Adjective),borrowed,famous,danced,floated,famous,MCQ,,
F_ENG_L028_Q279,28,Describing Words,The _____ elephant walked through the forest. (Adjective),softly,ran,painted,huge,huge,MCQ,,
F_ENG_L028_Q280,28,Describing Words,She bought a _____ handbag from the market. (Adjective),pretty,loudly,washed,climbed,pretty,MCQ,,
F_ENG_L028_Q281,28,Describing Words,The _____ boy helped the old woman cross the road. (Adjective),repaired,kind,jumped,quickly,kind,MCQ,,
F_ENG_L028_Q282,28,Describing Words,We enjoyed the _____ breeze in the evening. (Adjective),shouted,cool,folded,fixed,cool,MCQ,,
F_ENG_L028_Q283,28,Describing Words,The teacher praised the _____ student. (Adjective),hardworking,carried,slowly,painted,hardworking,MCQ,,
F_ENG_L029_Q284,29,Describing Words,They stayed in a _____ hotel near the beach. (Adjective),opened,big,mixed,laughed,big,MCQ,,
F_ENG_L029_Q285,29,Describing Words,The _____ cake tasted delicious. (Adjective),silently,repaired,danced,chocolate,chocolate,MCQ,,
F_ENG_L029_Q286,29,Describing Words,He wore a _____ jacket during the trip. (Adjective),thick,washed,climbed,floated,thick,MCQ,,
F_ENG_L029_Q287,29,Describing Words,The _____ garden attracted many visitors. (Adjective),borrowed,beautiful,pushed,quickly,beautiful,MCQ,,
F_ENG_L029_Q288,29,Describing Words,We saw a _____ deer in the jungle. (Adjective),shouted,fast,folded,repaired,fast,MCQ,,
F_ENG_L029_Q289,29,Describing Words,The child asked a _____ question in class. (Adjective),carried,jumped,good,washed,good,MCQ,,
F_ENG_L029_Q290,29,Describing Words,The _____ pillow made me sleep comfortably. (Adjective),laughed,fluffy,climbed,painted,fluffy,MCQ,,
F_ENG_L029_Q291,29,Describing Words,The villagers crossed the _____ bridge carefully. (Adjective),floated,repaired,mixed,narrow,narrow,MCQ,,
F_ENG_L029_Q292,29,Describing Words,It was a _____ performance by the singer. (Adjective),danced,opened,amazing,fixed,amazing,MCQ,,
F_ENG_L029_Q293,29,Describing Words,The _____ room looked bright and cheerful. (Adjective),pushed,borrowed,climbed,clean,clean,MCQ,,
F_ENG_L030_Q294,30,Describing Words,The _____ fox disappeared into the woods. (Adjective),folded,washed,shouted,clever,clever,MCQ,,
F_ENG_L030_Q295,30,Describing Words,My aunt prepared a _____ meal for dinner. (Adjective),healthy,floated,jumped,repaired,healthy,MCQ,,
F_ENG_L030_Q296,30,Describing Words,The _____ clouds covered the sky. (Adjective),carried,dark,opened,laughed,dark,MCQ,,
F_ENG_L030_Q297,30,Describing Words,We visited an _____ castle during our vacation. (Adjective),mixed,climbed,ancient,washed,ancient,MCQ,,
F_ENG_L030_Q298,30,Describing Words,The _____ baby slept peacefully in the cradle. (Adjective),sleepy,shouted,repaired,folded,sleepy,MCQ,,
F_ENG_L030_Q299,30,Describing Words,The _____ runner won the gold medal. (Adjective),painted,borrowed,fast,floated,fast,MCQ,,
F_ENG_L030_Q300,30,Describing Words,The _____ road led to the mountain village. (Adjective),narrow,jumped,carried,fixed,narrow,MCQ,,
F_ENG_L030_Q301,30,Describing Words,She wore a _____ necklace at the party. (Adjective),sparkling,climbed,repaired,washed,sparkling,MCQ,,
F_ENG_L030_Q302,30,Describing Words,The _____ farmer worked in the field all day. (Adjective),laughed,hardworking,pushed,opened,hardworking,MCQ,,
F_ENG_L030_Q303,30,Describing Words,The _____ library was full of old books. (Adjective),quiet,floated,repaired,mixed,quiet,MCQ,,
F_ENG_L031_Q304,31,Describing Words,The girl wore a beautiful dress to the party. Choose the correct adjective.,girl,wore,beautiful,dress,beautiful,MCQ,,
F_ENG_L031_Q305,31,Describing Words,We visited an ancient temple last summer. Choose the correct adjective.,ancient,summer,temple,visited,ancient,MCQ,,
F_ENG_L031_Q306,31,Describing Words,The hungry child ate the sandwich quickly. Choose the correct adjective.,ate,hungry,sandwich,child,hungry,MCQ,,
F_ENG_L031_Q307,31,Describing Words,He bought a shiny new laptop yesterday. Choose the correct adjective.,bought,shiny,yesterday,laptop,shiny,MCQ,,
F_ENG_L031_Q308,31,Describing Words,The tall building can be seen from far away. Choose the correct adjective.,away,tall,seen,building,tall,MCQ,,
F_ENG_L031_Q309,31,Describing Words,She lives in a quiet neighborhood near the lake. Choose the correct adjective.,lake,lives,quiet,near,quiet,MCQ,,
F_ENG_L031_Q310,31,Describing Words,The brave soldier saved many people. Choose the correct adjective.,people,soldier,brave,saved,brave,MCQ,,
F_ENG_L031_Q311,31,Describing Words,We enjoyed the delicious food at the restaurant. Choose the correct adjective.,delicious,enjoyed,food,restaurant,delicious,MCQ,,
F_ENG_L031_Q312,31,Describing Words,The small kitten slept on the sofa. Choose the correct adjective.,small,slept,kitten,sofa,small,MCQ,,
F_ENG_L031_Q313,31,Describing Words,The clever student answered all the questions. Choose the correct adjective.,student,clever,answered,questions,clever,MCQ,,
F_ENG_L032_Q314,32,Describing Words,My uncle drives a fast car on highways. Choose the correct adjective.,fast,highways,uncle,car,fast,MCQ,,
F_ENG_L032_Q315,32,Describing Words,The old man walked slowly with a stick. Choose the correct adjective.,slowly,walked,stick,old,old,MCQ,,
F_ENG_L032_Q316,32,Describing Words,She wore a colorful scarf in winter. Choose the correct adjective.,wore,colorful,winter,scarf,colorful,MCQ,,
F_ENG_L032_Q317,32,Describing Words,The strong wind damaged several trees. Choose the correct adjective.,wind,trees,damaged,strong,strong,MCQ,,
F_ENG_L032_Q318,32,Describing Words,We saw a beautiful rainbow after the rain. Choose the correct adjective.,rain,beautiful,rainbow,saw,beautiful,MCQ,,
F_ENG_L032_Q319,32,Describing Words,The happy children played in the park. Choose the correct adjective.,happy,park,played,children,happy,MCQ,,
F_ENG_L032_Q320,32,Describing Words,The teacher told an interesting story today. Choose the correct adjective.,teacher,interesting,today,story,interesting,MCQ,,
F_ENG_L032_Q321,32,Describing Words,He carried a heavy bag to school. Choose the correct adjective.,carried,bag,heavy,school,heavy,MCQ,,
F_ENG_L032_Q322,32,Describing Words,The cold weather forced us to stay inside. Choose the correct adjective.,weather,forced,cold,inside,cold,MCQ,,
F_ENG_L032_Q323,32,Describing Words,The artist painted a wonderful picture. Choose the correct adjective.,artist,painted,picture,wonderful,wonderful,MCQ,,
F_ENG_L033_Q324,33,Describing Words,We stayed in a comfortable hotel during vacation. Choose the correct adjective.,vacation,hotel,comfortable,stayed,comfortable,MCQ,,
F_ENG_L033_Q325,33,Describing Words,The noisy crowd cheered for the team. Choose the correct adjective.,cheered,noisy,crowd,team,noisy,MCQ,,
F_ENG_L033_Q326,33,Describing Words,The smart boy solved the puzzle easily. Choose the correct adjective.,easily,puzzle,solved,smart,smart,MCQ,,
F_ENG_L033_Q327,33,Describing Words,She adopted a cute puppy from the shelter. Choose the correct adjective.,puppy,shelter,adopted,cute,cute,MCQ,,
F_ENG_L033_Q328,33,Describing Words,The rich man donated money to charity. Choose the correct adjective.,businessman,rich,donated,charity,rich,MCQ,,
F_ENG_L033_Q329,33,Describing Words,The lazy cat slept near the fireplace. Choose the correct adjective.,cat,lazy,slept,fireplace,lazy,MCQ,,
F_ENG_L033_Q330,33,Describing Words,We crossed a narrow bridge over the river. Choose the correct adjective.,crossed,narrow,bridge,river,narrow,MCQ,,
F_ENG_L033_Q331,33,Describing Words,The honest boy returned the lost wallet. Choose the correct adjective.,honest,boy,wallet,returned,honest,MCQ,,
F_ENG_L033_Q332,33,Describing Words,She bought a soft pillow for her bed. Choose the correct adjective.,bed,bought,pillow,soft,soft,MCQ,,
F_ENG_L033_Q333,33,Describing Words,The bright sun warmed the whole village. Choose the correct adjective.,bright,warmed,village,sun,bright,MCQ,,
F_ENG_L034_Q334,34,Describing Words,The poor farmer worked all day in the field. Choose the correct adjective.,farmer,poor,worked,field,poor,MCQ,,
F_ENG_L034_Q335,34,Describing Words,He wore a clean shirt to school. Choose the correct adjective.,wore,school,clean,shirt,clean,MCQ,,
F_ENG_L034_Q336,34,Describing Words,The friendly dog wagged its tail happily. Choose the correct adjective.,happily,dog,wagged,friendly,friendly,MCQ,,
F_ENG_L034_Q337,34,Describing Words,We enjoyed the fresh air in the countryside. Choose the correct adjective.,air,fresh,enjoyed,countryside,fresh,MCQ,,
F_ENG_L034_Q338,34,Describing Words,The little girl carried a basket of flowers. Choose the correct adjective.,basket,girl,little,carried,little,MCQ,,
F_ENG_L034_Q339,34,Describing Words,The empty classroom looked very quiet. Choose the correct adjectives.,classroom & empty,quiet & classroom,looked & quite,empty & quiet,empty & quiet,MCQ,,
F_ENG_L034_Q340,34,Describing Words,The clever fox escaped from the trap. Choose the correct adjective.,fox,clever,escaped,trap,clever,MCQ,,
F_ENG_L034_Q341,34,Describing Words,She lives in a modern apartment in the city. Choose the correct adjective.,apartment,modern,lives,city,modern,MCQ,,
F_ENG_L034_Q342,34,Describing Words,The thirsty traveler drank cold water. Choose the correct adjective.,drank,traveler,thirsty,water,thirsty,MCQ,,
F_ENG_L034_Q343,34,Describing Words,The gentle nurse cared for the patient kindly. Choose the correct adjective.,gentle,nurse,cared,kindly,gentle,MCQ,,
F_ENG_L035_Q344,35,Describing Words,The red balloon floated into the sky. Choose the correct adjective.,balloon,red,sky,floated,red,MCQ,,
F_ENG_L035_Q345,35,Describing Words,We walked along a sandy beach at sunset. Choose the correct adjective.,sunset,walked,beach,sandy,sandy,MCQ,,
F_ENG_L035_Q346,35,Describing Words,The angry teacher scolded the noisy students. Choose the correct adjective.,teacher,angry,scolded,students,angry,MCQ,,
F_ENG_L035_Q347,35,Describing Words,The broken chair was lying outside the room. Choose the correct adjective.,lying,broken,room,chair,broken,MCQ,,
F_ENG_L035_Q348,35,Describing Words,The cheerful singer entertained the audience. Choose the correct adjective.,singer,audience,entertained,cheerful,cheerful,MCQ,,
F_ENG_L035_Q349,35,Describing Words,He climbed the tall hill without stopping. Choose the correct adjective.,climbed,hill,stopping,tall,tall,MCQ,,
F_ENG_L035_Q350,35,Describing Words,The lonely child sat quietly in the corner. Choose the correct adjective.,corner,lonely,sat,child,lonely,MCQ,,
F_ENG_L035_Q351,35,Describing Words,The golden necklace was very expensive. Choose the correct adjectives.,golden & expensive,necklace & very,expensive & very,golden & necklece,golden & expensive,MCQ,,
F_ENG_L035_Q352,35,Describing Words,The famous actor visited our town yesterday. Choose the correct adjective.,actor,famous,visited,yesterday,famous,MCQ,,
F_ENG_L035_Q353,35,Describing Words,The weak patient needed immediate treatment. Choose the correct adjective.,treatment & immediate,patient & needed,needed & weak,weak & immediate,weak & immediate,MCQ,,
F_ENG_L036_Q354,36,,,,,,,,Lesson,English/pronoun.md,
F_ENG_L036_Q355,36,Pronoun,Rina is my friend. _________ is very kind. (Pronoun),It,They,He,She,She,MCQ,,
F_ENG_L036_Q356,36,Pronoun,Karim has a bicycle. _________ rides it every day. (Pronoun),It,They,She,He,He,MCQ,,
F_ENG_L036_Q357,36,Pronoun,My cat is sleeping. _________ is under the table. (Pronoun),It,She,He,We,It,MCQ,,
F_ENG_L036_Q358,36,Pronoun,Ali and I are classmates. _________ study together. (Pronoun),They,It,We,You,We,MCQ,,
F_ENG_L036_Q359,36,Pronoun,Rupa and Sima are sisters. _________ play together. (Pronoun),They,We,She,It,They,MCQ,,
F_ENG_L036_Q360,36,Pronoun,_________ am going to school now. (Pronoun),You,I,He,They,I,MCQ,,
F_ENG_L036_Q361,36,Pronoun,Can _________ help me carry this bag? (Pronoun),He,I,You,She,You,MCQ,,
F_ENG_L036_Q362,36,Pronoun,The dog is barking because _________ is hungry. (Pronoun),It,You,We,They,It,MCQ,,
F_ENG_L036_Q363,36,Pronoun,My parents are at home. _________ are watching TV. (Pronoun),They,She,He,We,They,MCQ,,
F_ENG_L036_Q364,36,Pronoun,Sara is reading a book. _________ likes reading. (Pronoun),She,They,He,It,She,MCQ,,
F_ENG_L037_Q365,37,Pronoun,"Replace the Naming Word: ""Tom is playing football."" (Pronoun)",They,He,It,She,He,MCQ,,
F_ENG_L037_Q366,37,Pronoun,"Replace the Naming Word: ""The bird is flying."" (Pronoun)",They,He,It,We,It,MCQ,,
F_ENG_L037_Q367,37,Pronoun,"Replace the Naming Words: ""Rina and Mina are singing."" (Pronoun)",She,We,They,It,They,MCQ,,
F_ENG_L037_Q368,37,Pronoun,Which word is a Pronoun?,happy,run,he,cat,he,MCQ,,
F_ENG_L037_Q369,37,Pronoun,Which word is a Pronoun?,red,jump,book,they,they,MCQ,,
F_ENG_L037_Q370,37,Pronoun,_________ are my best friends. (Pronoun),It,She,He,They,They,MCQ,,
F_ENG_L037_Q371,37,Pronoun,My brother is tall. _________ plays basketball. (Pronoun),We,They,He,She,He,MCQ,,
F_ENG_L037_Q372,37,Pronoun,The flower is beautiful. _________ smells nice. (Pronoun),He,It,You,They,It,MCQ,,
F_ENG_L037_Q373,37,Pronoun,Nila and I went to the zoo. _________ saw many animals. (Pronoun),She,We,They,It,We,MCQ,,
F_ENG_L037_Q374,37,Pronoun,_________ are a good student. (Pronoun),I,You,She,He,You,MCQ,,
F_ENG_L038_Q375,38,Pronoun,"Pick out the Pronoun: ""She is drawing a picture.""",She,picture,is,drawing,She,MCQ,,
F_ENG_L038_Q376,38,Pronoun,"Pick out the Pronoun: ""They are playing in the field.""",They,playing,are,field,They,MCQ,,
F_ENG_L038_Q377,38,Pronoun,"Pick out the Pronoun: ""We love our school.""",We,love,school,our,We,MCQ,,
F_ENG_L038_Q378,38,Pronoun,A pronoun is used instead of a _________ Word.,Doing,Naming,Joining,Describing,Naming,MCQ,,
F_ENG_L038_Q379,38,Pronoun,"Replace the Naming Word: ""The children are laughing."" (Pronoun)",She,It,They,He,They,MCQ,,
F_ENG_L038_Q380,38,Pronoun,The boys are playing cricket. _________ are having fun. (Pronoun),She,It,They,He,They,MCQ,,
F_ENG_L038_Q381,38,Pronoun,My mother is a teacher. _________ teaches English. (Pronoun),She,He,We,They,She,MCQ,,
F_ENG_L038_Q382,38,Pronoun,I have a pet fish. _________ swims in a bowl. (Pronoun),She,It,He,They,It,MCQ,,
F_ENG_L038_Q383,38,Pronoun,Rahim and I went shopping. _________ bought some fruit. (Pronoun),They,He,She,We,We,MCQ,,
F_ENG_L038_Q384,38,Pronoun,_________ am reading a storybook. (Pronoun),I,They,She,You,I,MCQ,,
F_ENG_L039_Q385,39,Pronoun,"The teacher asked, ""Can _________ answer this question?"" (Pronoun)",he,you,they,she,you,MCQ,,
F_ENG_L039_Q386,39,Pronoun,My sisters are singing. _________ sound wonderful. (Pronoun),It,She,He,They,They,MCQ,,
F_ENG_L039_Q387,39,Pronoun,The rabbit is eating a carrot. _________ looks happy. (Pronoun),It,We,You,They,It,MCQ,,
F_ENG_L039_Q388,39,Pronoun,Fatema is my cousin. _________ lives in Dhaka. (Pronoun),He,It,They,She,She,MCQ,,
F_ENG_L039_Q389,39,Pronoun,The students are studying. _________ have an exam tomorrow. (Pronoun),They,She,He,We,They,MCQ,,
F_ENG_L039_Q390,39,Pronoun,"Replace the Naming Word: ""Mina is drawing a flower."" (Pronoun)",It,He,They,She,She,MCQ,,
F_ENG_L039_Q391,39,Pronoun,"Replace the Naming Word: ""The tiger is sleeping."" (Pronoun)",They,He,It,We,It,MCQ,,
F_ENG_L039_Q392,39,Pronoun,"Replace the Naming Words: ""Tom and Jerry are friends."" (Pronoun)",It,He,She,They,They,MCQ,,
F_ENG_L039_Q393,39,Pronoun,Which word is a Pronoun?,book,run,they,beautiful,they,MCQ,,
F_ENG_L039_Q394,39,Pronoun,Which word is a Pronoun?,jump,green,we,school,we,MCQ,,
F_ENG_L040_Q395,40,Pronoun,_________ are going to the playground after school. (Pronoun),She,He,They,It,They,MCQ,,
F_ENG_L040_Q396,40,Pronoun,My father drives a car. _________ goes to work every day. (Pronoun),They,We,He,She,He,MCQ,,
F_ENG_L040_Q397,40,Pronoun,The computer is new. _________ works very fast. (Pronoun),They,He,It,You,It,MCQ,,
F_ENG_L040_Q398,40,Pronoun,Ali and I cleaned the room. _________ finished quickly. (Pronoun),She,We,They,He,We,MCQ,,
F_ENG_L040_Q399,40,Pronoun,_________ are my best friend. (Pronoun),He,She,You,It,You,MCQ,,
F_ENG_L040_Q400,40,Pronoun,"Pick out the Pronoun: ""He is riding a bicycle.""",is,riding,He,bicycle,He,MCQ,,
F_ENG_L040_Q401,40,Pronoun,"Pick out the Pronoun: ""It is raining outside.""",outside,is,It,raining,It,MCQ,,
F_ENG_L040_Q402,40,Pronoun,"Pick out the Pronoun: ""You are very helpful.""",very,are,You,helpful,You,MCQ,,
F_ENG_L040_Q403,40,Pronoun,A pronoun can replace a _________. (Pronoun),Noun,Verb,Conjunction,Adjective,Noun,MCQ,,
F_ENG_L040_Q404,40,Pronoun,"Replace the Naming Word: ""The girls are dancing."" (Pronoun)",They,She,It,He,They,MCQ,,
F_ENG_L041_Q405,41,Pronoun,Arif is my brother. _________ likes football. (Pronoun),She,It,They,He,He,MCQ,,
F_ENG_L041_Q406,41,Pronoun,The birds are flying in the sky. _________ are very high. (Pronoun),They,It,She,He,They,MCQ,,
F_ENG_L041_Q407,41,Pronoun,I have a new pencil. _________ is blue. (Pronoun),It,She,He,They,It,MCQ,,
F_ENG_L041_Q408,41,Pronoun,Salma and I are in the same class. _________ sit together. (Pronoun),She,They,He,We,We,MCQ,,
F_ENG_L041_Q409,41,Pronoun,_________ are my best friends. (Pronoun),It,They,She,He,They,MCQ,,
F_ENG_L041_Q410,41,Pronoun,My uncle is a doctor. _________ works at a hospital. (Pronoun),They,She,We,He,He,MCQ,,
F_ENG_L041_Q411,41,Pronoun,The baby is sleeping. _________ is very quiet. (Pronoun),They,It,He,We,It,MCQ,,
F_ENG_L041_Q412,41,Pronoun,Can _________ tell me the time? (Pronoun),She,I,He,You,You,MCQ,,
F_ENG_L041_Q413,41,Pronoun,The children are in the library. _________ are reading books. (Pronoun),He,They,It,She,They,MCQ,,
F_ENG_L041_Q414,41,Pronoun,_________ am learning English. (Pronoun),You,He,They,I,I,MCQ,,
F_ENG_L042_Q415,42,Pronoun,"Replace the Naming Word: ""Rahim is eating an apple."" (Pronoun)",They,He,It,She,He,MCQ,,
F_ENG_L042_Q416,42,Pronoun,"Replace the Naming Word: ""The horse is running fast."" (Pronoun)",They,We,It,He,It,MCQ,,
F_ENG_L042_Q417,42,Pronoun,"Replace the Naming Words: ""Rita and Tina are watching TV."" (Pronoun)",It,He,She,They,They,MCQ,,
F_ENG_L042_Q418,42,Pronoun,Which word is a Pronoun?,happy,car,they,run,they,MCQ,,
F_ENG_L042_Q419,42,Pronoun,Which word is a Pronoun?,green,jump,you,tree,you,MCQ,,
F_ENG_L042_Q420,42,Pronoun,_________ are going to visit our grandparents tomorrow. (Pronoun),He,She,They,It,They,MCQ,,
F_ENG_L042_Q421,42,Pronoun,My aunt is cooking dinner. _________ is in the kitchen. (Pronoun),It,They,He,She,She,MCQ,,
F_ENG_L042_Q422,42,Pronoun,The clock stopped working. _________ needs a new battery. (Pronoun),It,He,They,She,It,MCQ,,
F_ENG_L042_Q423,42,Pronoun,Mina and I planted flowers. _________ watered them every day. (Pronoun),We,He,They,She,We,MCQ,,
F_ENG_L042_Q424,42,Pronoun,_________ are a very kind person. (Pronoun),He,I,She,You,You,MCQ,,
F_ENG_L043_Q425,43,Pronoun,"Pick out the Pronoun: ""They went to the market.""",market,They,went,to,They,MCQ,,
F_ENG_L043_Q426,43,Pronoun,"Pick out the Pronoun: ""She sings beautifully.""",beautifully,sings,She,very,She,MCQ,,
F_ENG_L043_Q427,43,Pronoun,"Pick out the Pronoun: ""It is on the table.""",on,table,It,is,It,MCQ,,
F_ENG_L043_Q428,43,Pronoun,A pronoun takes the place of a _________. (Pronoun),Conjunction,Adjective,Verb,Noun,Noun,MCQ,,
F_ENG_L043_Q429,43,Pronoun,"Replace the Naming Words: ""The boys are playing football."" (Pronoun)",It,She,He,They,They,MCQ,,
F_ENG_L043_Q430,43,Pronoun,"Pick out the Pronoun: ""We love to play football.""",play,football,We,love,We,MCQ,,
F_ENG_L043_Q431,43,Pronoun,"Pick out the Pronoun: ""He is reading a book.""",book,reading,He,is,He,MCQ,,
F_ENG_L043_Q432,43,Pronoun,"Pick out the Pronoun: ""You are my best friend.""",friend,best,You,are,You,MCQ,,
F_ENG_L043_Q433,43,Pronoun,Which word is a Pronoun?,quickly,she,garden,run,she,MCQ,,
F_ENG_L043_Q434,43,Pronoun,"Replace the Naming Word: ""Rina is singing."" (Pronoun)",He,She,It,They,She,MCQ,,
F_ENG_L044_Q435,44,,,,,,,,Lesson,English/be_verb.md,
F_ENG_L044_Q436,44,Be Verb,I _________ a student. (Be Verb),be,am,is,are,am,MCQ,,
F_ENG_L044_Q437,44,Be Verb,She _________ my friend. (Be Verb),are,is,be,am,is,MCQ,,
F_ENG_L044_Q438,44,Be Verb,They _________ playing football. (Be Verb),are,be,is,am,are,MCQ,,
F_ENG_L044_Q439,44,Be Verb,He _________ very tall. (Be Verb),be,are,am,is,is,MCQ,,
F_ENG_L044_Q440,44,Be Verb,We _________ happy today. (Be Verb),be,am,is,are,are,MCQ,,
F_ENG_L044_Q441,44,Be Verb,You _________ a good student. (Be Verb),am,are,be,is,are,MCQ,,
F_ENG_L044_Q442,44,Be Verb,The cat _________ sleeping on the sofa. (Be Verb),be,is,am,are,is,MCQ,,
F_ENG_L044_Q443,44,Be Verb,Rahim and Karim _________ brothers. (Be Verb),be,is,am,are,are,MCQ,,
F_ENG_L044_Q444,44,Be Verb,The book _________ on the table. (Be Verb),are,be,am,is,is,MCQ,,
F_ENG_L044_Q445,44,Be Verb,My parents _________ at home. (Be Verb),are,is,am,be,are,MCQ,,
F_ENG_L045_Q446,45,Be Verb,Which word is a Be Verb?,is,play,jump,run,is,MCQ,,
F_ENG_L045_Q447,45,Be Verb,Which word is a Be Verb?,sing,are,happy,book,are,MCQ,,
F_ENG_L045_Q448,45,Be Verb,Which word is a Be Verb?,house,cat,tree,am,am,MCQ,,
F_ENG_L045_Q449,45,Be Verb,"Pick out the Be Verb: ""She is reading a book.""",is,She,book,reading,is,MCQ,,
F_ENG_L045_Q450,45,Be Verb,"Pick out the Be Verb: ""They are in the classroom.""",classroom,in,They,are,are,MCQ,,
F_ENG_L045_Q451,45,Be Verb,"Pick out the Be Verb: ""I am hungry.""",am,very,I,hungry,am,MCQ,,
F_ENG_L045_Q452,45,Be Verb,A Be Verb shows a state of _________.,jumping,singing,running,being,being,MCQ,,
F_ENG_L045_Q453,45,Be Verb,The children _________ excited about the trip. (Be Verb),are,be,is,am,are,MCQ,,
F_ENG_L045_Q454,45,Be Verb,My sister _________ a doctor. (Be Verb),is,are,be,am,is,MCQ,,
F_ENG_L045_Q455,45,Be Verb,The flowers _________ beautiful. (Be Verb),am,be,is,are,are,MCQ,,
F_ENG_L046_Q456,46,Be Verb,I _________ ready for the test. (Be Verb),are,be,am,is,am,MCQ,,
F_ENG_L046_Q457,46,Be Verb,You _________ welcome. (Be Verb),am,are,is,be,are,MCQ,,
F_ENG_L046_Q458,46,Be Verb,The bird _________ in the cage. (Be Verb),are,am,is,be,is,MCQ,,
F_ENG_L046_Q459,46,Be Verb,We _________ classmates. (Be Verb),am,is,be,are,are,MCQ,,
F_ENG_L046_Q460,46,Be Verb,Which are Be Verbs?,sing -  play,run -  jump,am -  is -  are,book -  pen,am -  is -  are,MCQ,,
F_ENG_L046_Q461,46,Be Verb,I _________ very happy today. (Be Verb),is,am,be,are,am,MCQ,,
F_ENG_L046_Q462,46,Be Verb,She _________ my elder sister. (Be Verb),be,am,is,are,is,MCQ,,
F_ENG_L046_Q463,46,Be Verb,They _________ in the playground. (Be Verb),are,is,be,am,are,MCQ,,
F_ENG_L046_Q464,46,Be Verb,He _________ a good football player. (Be Verb),are,is,be,am,is,MCQ,,
F_ENG_L046_Q465,46,Be Verb,We _________ ready for the exam. (Be Verb),be,is,am,are,are,MCQ,,
F_ENG_L047_Q466,47,Be Verb,The dog _________ barking loudly. (Be Verb),are,is,am,be,is,MCQ,,
F_ENG_L047_Q467,47,Be Verb,The birds _________ flying in the sky. (Be Verb),are,am,be,is,are,MCQ,,
F_ENG_L047_Q468,47,Be Verb,My father _________ at home now. (Be Verb),am,is,be,are,is,MCQ,,
F_ENG_L047_Q469,47,Be Verb,You _________ my best friend. (Be Verb),are,am,be,is,are,MCQ,,
F_ENG_L047_Q470,47,Be Verb,The books _________ on the shelf. (Be Verb),is,be,are,am,are,MCQ,,
F_ENG_L047_Q471,47,Be Verb,Which word is a Be Verb?,run,are,book,jump,are,MCQ,,
F_ENG_L047_Q472,47,Be Verb,Which word is a Be Verb?,sing,is,blue,pen,is,MCQ,,
F_ENG_L047_Q473,47,Be Verb,Which word is a Be Verb?,am,play,cat,chair,am,MCQ,,
F_ENG_L047_Q474,47,Be Verb,"Pick out the Be Verb: ""He is playing cricket.""",playing,cricket,He,is,is,MCQ,,
F_ENG_L047_Q475,47,Be Verb,"Pick out the Be Verb: ""We are going to school.""",We,are,school,going,are,MCQ,,
F_ENG_L048_Q476,48,Be Verb,"Pick out the Be Verb: ""I am reading a book.""",I,reading,am,book,am,MCQ,,
F_ENG_L048_Q477,48,Be Verb,A Be Verb shows a state of _________.,thinking,playing,reading,being,being,MCQ,,
F_ENG_L048_Q478,48,Be Verb,The baby _________ sleeping in the cradle. (Be Verb),is,am,are,be,is,MCQ,,
F_ENG_L048_Q479,48,Be Verb,The students _________ very smart. (Be Verb),am,is,be,are,are,MCQ,,
F_ENG_L048_Q480,48,Be Verb,My mother _________ cooking food. (Be Verb),is,are,am,be,is,MCQ,,
F_ENG_L048_Q481,48,Be Verb,I _________ excited about the trip. (Be Verb),be,am,are,is,am,MCQ,,
F_ENG_L048_Q482,48,Be Verb,You _________ always kind. (Be Verb),are,be,is,am,are,MCQ,,
F_ENG_L048_Q483,48,Be Verb,The flowers _________ in the garden. (Be Verb),am,are,be,is,are,MCQ,,
F_ENG_L048_Q484,48,Be Verb,Rahim and Karim _________ classmates. (Be Verb),be,am,is,are,are,MCQ,,
F_ENG_L048_Q485,48,Be Verb,Which are Be Verbs?,sing -  dance,book -  pen,run -  go,is -  am -  are,is -  am -  are,MCQ,,
F_ENG_L049_Q486,49,Be Verb,I _________ not afraid of the dark. (Be Verb),am,is,be,are,am,MCQ,,
F_ENG_L049_Q487,49,Be Verb,She _________ interested in drawing pictures. (Be Verb),are,is,be,am,is,MCQ,,
F_ENG_L049_Q488,49,Be Verb,They _________ waiting for the bus outside. (Be Verb),is,am,are,be,are,MCQ,,
F_ENG_L049_Q489,49,Be Verb,The children _________ very excited about the trip tomorrow. (Be Verb),am,is,are,be,are,MCQ,,
F_ENG_L049_Q490,49,Be Verb,He _________ always ready to help others. (Be Verb),be,are,am,is,is,MCQ,,
F_ENG_L049_Q491,49,Be Verb,The weather _________ getting colder day by day. (Be Verb),are,is,be,am,is,MCQ,,
F_ENG_L049_Q492,49,Be Verb,My friends _________ coming to my birthday party. (Be Verb),are,am,be,is,are,MCQ,,
F_ENG_L049_Q493,49,Be Verb,The teacher _________ explaining the lesson clearly. (Be Verb),is,be,am,are,is,MCQ,,
F_ENG_L049_Q494,49,Be Verb,The books _________ arranged neatly on the shelf. (Be Verb),am,are,is,be,are,MCQ,,
F_ENG_L049_Q495,49,Be Verb,I _________ not happy with my result. (Be Verb),is,are,am,be,am,MCQ,,
F_ENG_L050_Q496,50,Be Verb,Which sentence is correct?,He are a doctor.,He is a doctor.,He am a doctor.,He be a doctor.,He is a doctor.,MCQ,,
F_ENG_L050_Q497,50,Be Verb,Which sentence is correct?,They are playing football.,They am playing football.,They is playing football.,They be playing football.,They are playing football.,MCQ,,
F_ENG_L050_Q498,50,Be Verb,Which sentence is correct?,I be very tired.,I is very tired.,I are very tired.,I am very tired.,I am very tired.,MCQ,,
F_ENG_L050_Q499,50,Be Verb,Which word is a Be Verb?,jump,play,run,is,is,MCQ,,
F_ENG_L050_Q500,50,Be Verb,Which word is a Be Verb?,going school,am,jump,book,am,MCQ,,
F_ENG_L050_Q501,50,Be Verb,"Pick out the Be Verb: ""The cake is delicious.""",delicious,cake,is,The,is,MCQ,,
F_ENG_L050_Q502,50,Be Verb,"Pick out the Be Verb: ""We are late for school.""",We,are,for,late,are,MCQ,,
F_ENG_L050_Q503,50,Be Verb,"Pick out the Be Verb: ""I am feeling sick today.""",am,I,feeling,sick,am,MCQ,,
F_ENG_L050_Q504,50,Be Verb,A Be Verb shows a state of _________.,action,place,being,time,being,MCQ,,
F_ENG_L050_Q505,50,Be Verb,The sun _________ very bright today. (Be Verb),am,is,are,be,is,MCQ,,
F_ENG_L051_Q506,51,Be Verb,The apples _________ fresh and red. (Be Verb),are,am,be,is,are,MCQ,,
F_ENG_L051_Q507,51,Be Verb,You _________ not allowed to enter here. (Be Verb),is,be,am,are,are,MCQ,,
F_ENG_L051_Q508,51,Be Verb,My brother and I _________ in the same school. (Be Verb),is,am,be,are,are,MCQ,,
F_ENG_L051_Q509,51,Be Verb,The room _________ very clean after cleaning. (Be Verb),be,am,are,is,is,MCQ,,
F_ENG_L051_Q510,51,Be Verb,She and her sister _________ very talented. (Be Verb),is,are,am,be,are,MCQ,,
F_ENG_L051_Q511,51,Be Verb,"""Yesterday, I _________ very tired after school. (Be Verb)""",were,are,was,is,was,MCQ,,
F_ENG_L051_Q512,51,Be Verb,She _________ absent from class yesterday. (Be Verb),was,were,am,are,was,MCQ,,
F_ENG_L051_Q513,51,Be Verb,They _________ happy when they heard the news. (Be Verb),were,is,am,was,were,MCQ,,
F_ENG_L051_Q514,51,Be Verb,We _________ at the zoo last Sunday. (Be Verb),is,are,were,was,were,MCQ,,
F_ENG_L051_Q515,51,Be Verb,He _________ the captain of the team last year. (Be Verb),is,are,were,was,was,MCQ,,
F_ENG_L052_Q516,52,Be Verb,The weather _________ cold yesterday morning. (Be Verb),were,was,are,am,was,MCQ,,
F_ENG_L052_Q517,52,Be Verb,My friends _________ at my birthday party. (Be Verb),was,am,were,is,were,MCQ,,
F_ENG_L052_Q518,52,Be Verb,The books _________ on the table a minute ago. (Be Verb),was,were,are,is,were,MCQ,,
F_ENG_L052_Q519,52,Be Verb,You _________ very helpful yesterday. (Be Verb),is,was,were,am,were,MCQ,,
F_ENG_L052_Q520,52,Be Verb,The dog _________ hungry after the long walk. (Be Verb),am,was,were,are,was,MCQ,,
F_ENG_L052_Q521,52,Be Verb,Which sentence is correct?,I are late yesterday.,I was late yesterday.,I were late yesterday.,I is late yesterday.,I was late yesterday.,MCQ,,
F_ENG_L052_Q522,52,Be Verb,Which sentence is correct?,They were excited.,They are excited yesterday.,They was excited.,They is excited.,They were excited.,MCQ,,
F_ENG_L052_Q523,52,Be Verb,Which sentence is correct?,We was at school.,We is at school.,We were at school.,We am at school.,We were at school.,MCQ,,
F_ENG_L052_Q524,52,Be Verb,"Pick out the Be Verb: ""The students were very quiet.""",quiet,were,very,students,were,MCQ,,
F_ENG_L052_Q525,52,Be Verb,"Pick out the Be Verb: ""I was sick last week.""",sick,was,I,last,was,MCQ,,
F_ENG_L053_Q526,53,Be Verb,"Pick out the Be Verb: ""The children were in the park.""",park,were,children,in,were,MCQ,,
F_ENG_L053_Q527,53,Be Verb,Which word is a past tense Be Verb?,book,play,is,was,was,MCQ,,
F_ENG_L053_Q528,53,Be Verb,Which word is a past tense Be Verb?,jump,chair,run,were,were,MCQ,,
F_ENG_L053_Q529,53,Be Verb,My sister _________ five years old last year. (Be Verb),were,are,was,is,was,MCQ,,
F_ENG_L053_Q530,53,Be Verb,Rahim and Karim _________ classmates in Grade 2. (Be Verb),am,was,were,is,were,MCQ,,
F_ENG_L053_Q531,53,Be Verb,The movie _________ very interesting. (Be Verb),am,was,were,are,was,MCQ,,
F_ENG_L053_Q532,53,Be Verb,The flowers _________ beautiful yesterday. (Be Verb),were,is,am,was,were,MCQ,,
F_ENG_L053_Q533,53,Be Verb,There _________ many people at the fair. (Be Verb),was,is,am,were,were,MCQ,,
F_ENG_L053_Q534,53,Be Verb,Which pair contains past tense Be Verbs?,run -  jump,was -  were,is -  are,am -  is,was -  were,MCQ,,
F_ENG_L053_Q535,53,Be Verb,"""Last night, the sky _________ full of stars. (Be Verb)""",was,am,are,were,was,MCQ,,
F_ENG_L054_Q536,54,,,,,,,,Lesson,English/articles.md,
F_ENG_L054_Q537,54,Articles,_____ eye.,a,an,,,an,Balloon,,
F_ENG_L054_Q538,54,Articles,_____ pet.,a,an,,,a,Balloon,,
F_ENG_L054_Q539,54,Articles,_____ book.,a,an,,,a,Balloon,,
F_ENG_L054_Q540,54,Articles,_____ orange.,a,an,,,an,Balloon,,
F_ENG_L054_Q541,54,Articles,_____ boat.,a,an,,,a,Balloon,,
F_ENG_L054_Q542,54,Articles,_____ apple.,a,an,,,an,Balloon,,
F_ENG_L054_Q543,54,Articles,_____ ear.,a,an,,,an,Balloon,,
F_ENG_L054_Q544,54,Articles,_____ horse.,a,an,,,a,Balloon,,
F_ENG_L054_Q545,54,Articles,_____ lion.,a,an,,,a,Balloon,,
F_ENG_L054_Q546,54,Articles,_____ onion.,a,an,,,an,Balloon,,
F_ENG_L055_Q547,55,Articles,_____ goat.,a,an,,,a,Balloon,,
F_ENG_L055_Q548,55,Articles,_____ mango.,a,an,,,a,Balloon,,
F_ENG_L055_Q549,55,Articles,_____ flower. ,a,an,,,a,Balloon,,
F_ENG_L055_Q550,55,Articles,_____ tree. ,a,an,,,a,Balloon,,
F_ENG_L055_Q551,55,Articles,_____ umbrella. ,a,an,,,an,Balloon,,
F_ENG_L055_Q552,55,Articles,_____ teacher. ,a,an,,,a,Balloon,,
F_ENG_L055_Q553,55,Articles,_____ bag. ,a,an,,,a,Balloon,,
F_ENG_L055_Q554,55,Articles,_____ elephant. ,a,an,,,an,Balloon,,
F_ENG_L055_Q555,55,Articles,_____ egg. ,a,an,,,an,Balloon,,
F_ENG_L055_Q556,55,Articles,_____ animal. ,a,an,,,an,Balloon,,
F_ENG_L056_Q557,56,Articles,_____ lamp. ,a,an,,,a,Balloon,,
F_ENG_L056_Q558,56,Articles,_____ ant. ,a,an,,,an,Balloon,,
F_ENG_L056_Q559,56,Articles,_____ ice cream. ,a,an,,,an,Balloon,,
F_ENG_L056_Q560,56,Articles,Tanvir has _____ toy car. ,a,an,,,a,Balloon,,
F_ENG_L056_Q561,56,Articles,Harry has _____ owl for a pet. ,a,an,,,an,Balloon,,
F_ENG_L056_Q562,56,Articles,_____ dog and a cat can become good friends. ,a,an,,,a,Balloon,,
F_ENG_L056_Q563,56,Articles,Harry has an owl for ____ pet. ,a,an,,,a,Balloon,,
F_ENG_L056_Q564,56,Articles,A dog and _____ cat can become good friends. ,a,an,,,a,Balloon,,
F_ENG_L056_Q565,56,Articles,The hen laid  _____ egg this morning. ,a,an,,,an,Balloon,,
F_ENG_L056_Q566,56,Articles,Please give me _____ apple and a banana. ,a,an,,,an,Balloon,,
F_ENG_L057_Q567,57,Articles,Tom gave me _____ book. ,a,an,,,a,MCQ,,
F_ENG_L057_Q568,57,Articles,Please give me an apple and _____ banana. ,a,an,,,a,MCQ,,
F_ENG_L057_Q569,57,Articles,_____ elephant is an animal and so is a zebra. ,a,an,,,an,MCQ,,
F_ENG_L057_Q570,57,Articles,Father took _____ umbrella with him when he went out. ,a,an,,,an,MCQ,,
F_ENG_L057_Q571,57,Articles,An elephant is an animal and so is _____ zebra. ,a,an,,,a,MCQ,,
F_ENG_L057_Q572,57,Articles,She saw _____ monkey in the tree.,a,an,,,a,MCQ,,
F_ENG_L057_Q573,57,Articles,I can see _____ blue kite in the sky. ,a,an,,,a,MCQ,,
F_ENG_L057_Q574,57,Articles,Father took _____ black umbrella with him when he went out. ,a,an,,,a,MCQ,,
F_ENG_L057_Q575,57,Articles,Father took _____ old umbrella with him when he went out. ,a,an,,,an,MCQ,,
F_ENG_L057_Q576,57,Articles,A dog and _____ cat can become good friends. ,a,an,,,a,MCQ,,
F_ENG_L058_Q577,58,Articles,Please give me _____ egg and a banana. ,a,an,,,an,MCQ,,
F_ENG_L058_Q578,58,Articles,An elephant is ____ animal and so is a zebra. ,a,an,,,an,MCQ,,
F_ENG_L058_Q579,58,Articles,There is _____ boat on the river. ,a,an,,,a,MCQ,,
F_ENG_L058_Q580,58,Articles,I saw ______ elephant at the zoo. ,a,an,the,,an,MCQ,,
F_ENG_L058_Q581,58,Articles,She is reading ______ interesting book. ,a,an,the,,an,MCQ,,
F_ENG_L058_Q582,58,Articles,He bought ______ new car yesterday. ,a,an,the,,a,MCQ,,
F_ENG_L058_Q583,58,Articles,We visited ______ Taj Mahal during our trip. ,a,an,the,,the,MCQ,,
F_ENG_L058_Q584,58,Articles,My father is ______ engineer. ,a,an,the,,an,MCQ,,
F_ENG_L058_Q585,58,Articles,She wants to become ______ doctor. ,a,an,the,,a,MCQ,,
F_ENG_L058_Q586,58,Articles,______ sun rises in the east. ,a,an,the,,the,MCQ,,
F_ENG_L059_Q587,59,Articles,He ate ______ apple after lunch. ,a,an,the,,an,MCQ,,
F_ENG_L059_Q588,59,Articles,I need ______ pen to write this letter. ,a,an,the,,a,MCQ,,
F_ENG_L059_Q589,59,Articles,They crossed ______ river by boat. ,a,an,the,,the,MCQ,,
F_ENG_L059_Q590,59,Articles,She found ______ old coin in the garden. ,a,an,the,,an,MCQ,,
F_ENG_L059_Q591,59,Articles,He lives in ______ small village. ,a,an,the,,a,MCQ,,
F_ENG_L059_Q592,59,Articles,______ Earth moves around the Sun.,a,an,the,,the,MCQ,,
F_ENG_L059_Q593,59,Articles,She adopted ______ cute puppy. ,a,an,the,,a,MCQ,,
F_ENG_L059_Q594,59,Articles,My uncle is ______ honest man. ,a,an,the,,an,MCQ,,
F_ENG_L059_Q595,59,Articles,We watched ______ movie you recommended. ,a,an,the,,the,MCQ,,
F_ENG_L059_Q596,59,Articles,He is eating ______ orange. ,a,an,the,,an,MCQ,,
F_ENG_L060_Q597,60,Articles,I saw ______ bird sitting on the tree. ,a,an,the,,a,MCQ,,
F_ENG_L060_Q598,60,Articles,______ sky is blue. ,a,an,the,,the,MCQ,,
F_ENG_L060_Q599,60,Articles,She wore ______ beautiful dress to the party. ,a,an,the,,a,MCQ,,
F_ENG_L060_Q600,60,Articles,He gave me ______ useful suggestion. ,a,an,the,,a,MCQ,,
F_ENG_L060_Q601,60,Articles,We stayed at ______ hotel near the beach. ,a,an,the,,a,MCQ,,
F_ENG_L060_Q602,60,Articles,______ moon looks beautiful tonight. ,a,an,the,,the,MCQ,,
F_ENG_L060_Q603,60,Articles,She is ______ excellent teacher. ,a,an,the,,an,MCQ,,
F_ENG_L060_Q604,60,Articles,They visited ______ museum in the city center. ,a,an,the,,the,MCQ,,
F_ENG_L060_Q605,60,Articles,She bought ______  umbrella because it was raining.,a,an,the,,an,MCQ,,
F_ENG_L060_Q606,60,Articles,I saw ______  eagle flying over the mountain.,a,an,the,,an,MCQ,,
F_ENG_L061_Q607,61,Articles,He wants to be ______  astronaut when he grows up.,a,an,the,,an,MCQ,,
F_ENG_L061_Q608,61,Articles,We stayed in ______  apartment near the station.,a,an,the,,an,MCQ,,
F_ENG_L061_Q609,61,Articles,She is reading ______  book that I gave her.,a,an,the,,the,MCQ,,
F_ENG_L061_Q610,61,Articles,They visited ______  Eiffel Tower during their vacation.,a,an,the,,the,MCQ,,
F_ENG_L061_Q611,61,Articles,My brother has ______  bicycle.,a,an,the,,a,MCQ,,
F_ENG_L061_Q612,61,Articles,He ate ______  ice cream after dinner.,a,an,the,,an,MCQ,,
F_ENG_L061_Q613,61,Articles,______  Ganges is a famous river.,a,an,the,,the,MCQ,,
F_ENG_L061_Q614,61,Articles,She found ______  interesting article online.,a,an,the,,an,MCQ,,
F_ENG_L061_Q615,61,Articles,I need ______  ruler for my geometry class.,a,an,the,,a,MCQ,,
F_ENG_L061_Q616,61,Articles,He adopted ______  animal from the shelter.,a,an,the,,an,MCQ,,
F_ENG_L062_Q617,62,Articles,We visited ______  zoo in our city yesterday.,a,an,the,,the,MCQ,,
F_ENG_L062_Q618,62,Articles,She is ______  university student.,a,an,the,,a,MCQ,,
F_ENG_L062_Q619,62,Articles,My father bought ______  new laptop.,a,an,the,,a,MCQ,,
F_ENG_L062_Q620,62,Articles,______  Himalayas are the highest mountains in the world.,a,an,the,,the,MCQ,,
F_ENG_L062_Q621,62,Articles,He is waiting for ______  bus to arrive. (specific bus),a,an,the,,the,MCQ,,
F_ENG_L062_Q622,62,Articles,She has ______  idea for the project.,a,an,the,,an,MCQ,,
F_ENG_L062_Q623,62,Articles,I saw ______  horse running across the field.,a,an,the,,a,MCQ,,
F_ENG_L062_Q624,62,Articles,They watched ______  match on television last night.,a,an,the,,the,MCQ,,
F_ENG_L062_Q625,62,Articles,He bought ______  orange from the market.,a,an,the,,an,MCQ,,
F_ENG_L062_Q626,62,Articles,We saw ______  rainbow after the rain.,a,an,the,,a,MCQ,,
F_ENG_L063_Q627,63,Articles,______  Moon revolves around the Earth.,a,an,the,,the,MCQ,,
F_ENG_L063_Q628,63,Articles,She is ______  honest employee.,a,an,the,,an,MCQ,,
F_ENG_L063_Q629,63,Articles,He carried ______  heavy bag up the stairs.,a,an,the,,a,MCQ,,
F_ENG_L063_Q630,63,Articles,She wants to buy ______  dress she saw yesterday.,a,an,the,,the,MCQ,,
F_ENG_L063_Q631,63,Articles,He is ______  excellent cricket player.,a,an,the,,an,MCQ,,
F_ENG_L063_Q632,63,Articles,I need ______  notebook for class.,a,an,the,,a,MCQ,,
F_ENG_L063_Q633,63,Articles,______  Amazon Rainforest is the largest rainforest in the world.,a,an,the,,the,MCQ,,
F_ENG_L063_Q634,63,Articles,She adopted ______  kitten from the shelter.,a,an,the,,a,MCQ,,
F_ENG_L063_Q635,63,Articles,He saw ______  owl sitting on a branch.,a,an,the,,an,MCQ,,
F_ENG_L063_Q636,63,Articles,We visited ______  National Museum near our hotel.,a,an,the,,the,MCQ,,
F_ENG_L064_Q637,64,Articles,My sister is ______  architect.,a,an,the,,an,MCQ,,
F_ENG_L064_Q638,64,Articles,I bought ______  gift for my friend.,a,an,the,,a,MCQ,,
F_ENG_L064_Q639,64,Articles,______  Nile is the longest river in Africa.,a,an,the,,the,MCQ,,
F_ENG_L064_Q640,64,Articles,She gave me ______  useful book.,a,an,the,,a,MCQ,,
F_ENG_L064_Q641,64,Articles,He is eating ______  egg for breakfast.,a,an,the,,an,MCQ,,
F_ENG_L064_Q642,64,Articles,We watched ______  movie that won the award.,a,an,the,,the,MCQ,,
F_ENG_L064_Q643,64,Articles,There is ______  cat sleeping under the table.,a,an,the,,a,MCQ,,
F_ENG_L064_Q644,64,Articles,She has ______  unusual hobby.,a,an,the,,an,MCQ,,
F_ENG_L064_Q645,64,Articles,______ teacher entered the classroom.,a,an,the,,the,MCQ,,
F_ENG_L064_Q646,64,Articles,He bought ______  umbrella because it looked strong.,a,an,the,,an,MCQ,,
F_ENG_L065_Q647,65,Articles,I saw ______  deer in the forest.,a,an,the,,a,MCQ,,
F_ENG_L065_Q648,65,Articles,She is reading ______  novel her teacher recommended.,a,an,the,,the,MCQ,,
F_ENG_L065_Q649,65,Articles,My uncle owns ______  restaurant in the city.,a,an,the,,a,MCQ,,
F_ENG_L065_Q650,65,Articles,He met ______  European tourist at the station.,a,an,the,,a,MCQ,,
F_ENG_L065_Q651,65,Articles,______  Indian Ocean lies south of India.,a,an,the,,the,MCQ,,
F_ENG_L065_Q652,65,Articles,She wrote ______  essay about climate change.,a,an,the,,an,MCQ,,
F_ENG_L065_Q653,65,Articles,I need ______  chair to sit on.,a,an,the,,a,MCQ,,
F_ENG_L065_Q654,65,Articles,We visited ______  Red Fort during our trip to Delhi.,a,an,the,,the,MCQ,,
F_ENG_L065_Q655,65,Articles,She bought ______  orange from the market.,a,an,the,,an,MCQ,,
F_ENG_L065_Q656,65,Articles,We saw ______  moon shining brightly.,a,an,the,,the,MCQ,,
F_ENG_L066_Q657,66,,,,,,,,Lesson,English/preposition.md,
F_ENG_L066_Q658,66,Preposition,The book is ___ the table.,under,in,between,on,on,MCQ,room_preposition.png,
F_ENG_L066_Q659,66,Preposition,The cat is ___ the table.,on,into,under,at,under,MCQ,room_preposition.png,
F_ENG_L066_Q660,66,Preposition,We go to school ___ the morning.,at,on,in,by,in,MCQ,,
F_ENG_L066_Q661,66,Preposition,The picture is ___ the wall.,under,in,between,on,on,MCQ,,
F_ENG_L066_Q662,66,Preposition,I live ___ Dhaka.,on,at,in,by,in,MCQ,,
F_ENG_L066_Q663,66,Preposition,The ball is ___ the box.,between,in,over,on,in,MCQ,,
F_ENG_L066_Q664,66,Preposition,We eat dinner ___ night.,in,from,at,on,at,MCQ,,
F_ENG_L066_Q665,66,Preposition,The dog ran ___ the road.,under,between,across,inside,across,MCQ,,
F_ENG_L066_Q666,66,Preposition,She is sitting ___ me and Rina.,at,between,on,under,between,MCQ,,
F_ENG_L066_Q667,66,Preposition,The bird is flying ___ the tree.,at,in,over,under,over,MCQ,,
F_ENG_L067_Q668,67,Preposition,He came ___ Monday.,at,in,on,by,on,MCQ,,
F_ENG_L067_Q669,67,Preposition,The pen is ___ the bag.,inside,above,between,on,inside,MCQ,,
F_ENG_L067_Q670,67,Preposition,The school is ___ the bank.,next to,under,over,in,next to,MCQ,,
F_ENG_L067_Q671,67,Preposition,We swim ___ the river.,on,over,at,in,in,MCQ,,
F_ENG_L067_Q672,67,Preposition,The lamp is ___ the table.,under,above,from,in,above,MCQ,,
F_ENG_L067_Q673,67,Preposition,I was born ___ 2015.,at,by,on,in,in,MCQ,,
F_ENG_L067_Q674,67,Preposition,The child hid ___ the bed.,at,under,between,on,under,MCQ,,
F_ENG_L067_Q675,67,Preposition,He stood ___ the door.,under,at,on,in,at,MCQ,,
F_ENG_L067_Q676,67,Preposition,The train goes ___ the tunnel.,between,over,through,at,through,MCQ,,
F_ENG_L067_Q677,67,Preposition,The shoes are ___ the bed.,under,on,in,between,under,MCQ,,
F_ENG_L068_Q678,68,Preposition,The children are working ___ the classroom.,on,under,in,over,in,MCQ,,
F_ENG_L068_Q679,68,Preposition,He has two fish ___ the fishbowl.,inside,on,over,above,inside,MCQ,,
F_ENG_L068_Q680,68,Preposition,There is a plant ___ the desk.,over,inside,on,beside,on,MCQ,,
F_ENG_L068_Q681,68,Preposition,The boy is sitting ____  the girl.,over,below,on,near,near,MCQ,,
F_ENG_L068_Q682,68,Preposition,There is a backpack ____ the table.,among,between,inside,under,under,MCQ,,
F_ENG_L068_Q683,68,Preposition,The globe is ___ the fish tank.,beside,on,under,over,over,MCQ,,
F_ENG_L068_Q684,68,Preposition,The drawing of a butterfly is ____ the calendar.,over,below,under,beside,below,MCQ,,
F_ENG_L068_Q685,68,Preposition,The calendar is ____ a picture of a butterfly.,under,below,above,over,above,MCQ,,
F_ENG_L068_Q686,68,Preposition,Children are studying _____ the backpack.,on,above,around,below,around,MCQ,,
F_ENG_L068_Q687,68,Preposition,You can see a house _____ the window.,between,above,through,under,through,MCQ,,
F_ENG_L069_Q688,69,Preposition,"A window is ____ the boy.""",in front of,behind,under,over,behind,MCQ,,
F_ENG_L069_Q689,69,Preposition,A girl is sitting ____ the boy.,over,under,in front of,behind,in front of,MCQ,,
F_ENG_L069_Q690,69,Preposition,The pen is ____ the scissors.,behind,on,over,next to,next to,MCQ,,
F_ENG_L069_Q691,69,Preposition,There's a bat ____ the bed.,beside,on,over,in,on,MCQ,,
F_ENG_L069_Q692,69,Preposition,There's a doll ___ the coffee table.,under,in,on,over,under,MCQ,,
F_ENG_L069_Q693,69,Preposition,There's a ball __ the box.,beside,on,in,under,in,MCQ,,
F_ENG_L069_Q694,69,Preposition,The bookcase is ___ the desk and the bed.,beside,below,between,behind,between,MCQ,,
F_ENG_L069_Q695,69,Preposition,There's a desk ___ the chair.,behind,below,beside,between,behind,MCQ,,
F_ENG_L069_Q696,69,Preposition,There's a bed ____ the bookcase.,below,beside,between,behind,beside,MCQ,,
F_ENG_L069_Q697,69,Preposition,There are books ___ the bookcase.,over,in,beside,on,in,MCQ,,
F_ENG_L070_Q698,70,Preposition,The green book is ___ the table lamp.,between,beside,behind,below,below,MCQ,,
F_ENG_L070_Q699,70,Preposition,The watch is ___ the chair.,under,among,inside,on,under,MCQ,,
F_ENG_L070_Q700,70,Preposition,The cap is ___ the bat.,beside,below,behind,between,beside,MCQ,,
F_ENG_L070_Q701,70,Preposition,The lamp is ___ the sofa.,beside,under,in front of,on ,beside,MCQ,,
F_ENG_L070_Q702,70,Preposition,The pen is ____ the table.,in front of,on,under,beside,on,MCQ,,
F_ENG_L070_Q703,70,Preposition,The rug is ____ the table.,on,under,in,beside,under,MCQ,,
F_ENG_L070_Q704,70,Preposition,The newspaper is ___ the table.,beside,over,in,on,on,MCQ,,
F_ENG_L070_Q705,70,Preposition,The CD player is ____ the table.,in,on,among,between,on,MCQ,,
F_ENG_L070_Q706,70,Preposition,The window is ____  the curtain.,among,behind,on,between,behind,MCQ,,
F_ENG_L070_Q707,70,Preposition,The curtain is ____ the window.,among,behind,in,in front of,in front of,MCQ,,
F_ENG_L071_Q708,71,,,,,,,,Lesson,English/adverb.md,
F_ENG_L071_Q709,71,Adverb,Which word is an Adverb?,quickly,beautiful,cat,run,quickly,MCQ,,
F_ENG_L071_Q710,71,Adverb,Which word is an Adverb?,blue,jump,school,slowly,slowly,MCQ,,
F_ENG_L071_Q711,71,Adverb,Which word is an Adverb?,loudly,happy,book,sing,loudly,MCQ,,
F_ENG_L071_Q712,71,Adverb,Which word is an Adverb?,kind,carefully,teacher,write,carefully,MCQ,,
F_ENG_L071_Q713,71,Adverb,Which word is an Adverb?,play,car,neatly,green,neatly,MCQ,,
F_ENG_L071_Q714,71,Adverb,The boy ran _________. (Adverb),happy,cat,quickly,quick,quickly,MCQ,,
F_ENG_L071_Q715,71,Adverb,She spoke _________ in the library. (Adverb),quietly,loud,slowly,book,quietly,MCQ,,
F_ENG_L071_Q716,71,Adverb,The students listened _________ to the teacher. (Adverb),kind,careful,carefully,teacher,carefully,MCQ,,
F_ENG_L071_Q717,71,Adverb,The baby slept _________. (Adverb),sleep,peacefully,bed,peaceful,peacefully,MCQ,,
F_ENG_L071_Q718,71,Adverb,He wrote his homework _________. (Adverb),school,neat,neatly,book,neatly,MCQ,,
F_ENG_L072_Q719,72,Adverb,"Pick out the Adverb: ""The bird flew quickly.""",the,flew,quickly,bird,quickly,MCQ,,
F_ENG_L072_Q720,72,Adverb,"Pick out the Adverb: ""She sang beautifully.""",she,sang,beautifully,song,beautifully,MCQ,,
F_ENG_L072_Q721,72,Adverb,"Pick out the Adverb: ""The dog barked loudly.""",barked,loudly,the,dog,loudly,MCQ,,
F_ENG_L072_Q722,72,Adverb,"Pick out the Adverb: ""They worked happily.""",worked,happily,work,they,happily,MCQ,,
F_ENG_L072_Q723,72,Adverb,"Pick out the Adverb: ""He answered politely.""",politely,answered,he,the,politely,MCQ,,
F_ENG_L072_Q724,72,Adverb,An adverb tells us _________ an action happens.,when,what,where,how,how,MCQ,,
F_ENG_L072_Q725,72,Adverb,Which word tells how the action is done?,teacher,cat,quickly,run,quickly,MCQ,,
F_ENG_L072_Q726,72,Adverb,The rabbit hopped _________. (Adverb),quick,car,quickly,happy,quickly,MCQ,,
F_ENG_L072_Q727,72,Adverb,The children played _________ in the park. (Adverb),happy,happily,park,game,happily,MCQ,,
F_ENG_L072_Q728,72,Adverb,She completed the puzzle _________. (Adverb),easily,puzzle,easy,book,easily,MCQ,,
F_ENG_L073_Q729,73,Adverb,Which word is NOT an Adverb?,neatly,carefully,slowly,beautiful,beautiful,MCQ,,
F_ENG_L073_Q730,73,Adverb,Which word is NOT an Adverb?,happily,run,quickly,loudly,run,MCQ,,
F_ENG_L073_Q731,73,Adverb,The turtle walked _________. (Adverb),slow,slowly,turtle,green,slowly,MCQ,,
F_ENG_L073_Q732,73,Adverb,The girl smiled _________. (Adverb),sweet,sweetly,kind,girl,sweetly,MCQ,,
F_ENG_L073_Q733,73,Adverb,An adverb often describes a _________. (Adverb),noun,pronoun,verb,conjunction,verb,MCQ,,
F_ENG_L073_Q734,73,Adverb,Which word is an Adverb?,quietly,happy,book,run,quietly,MCQ,,
F_ENG_L073_Q735,73,Adverb,Which word is an Adverb?,blue,school,jump,bravely,bravely,MCQ,,
F_ENG_L073_Q736,73,Adverb,Which word is an Adverb?,green,play,safely,cat,safely,MCQ,,
F_ENG_L073_Q737,73,Adverb,Which word is an Adverb?,write,eagerly,teacher,kind,eagerly,MCQ,,
F_ENG_L073_Q738,73,Adverb,Which word is an Adverb?,car,red,gently,sing,gently,MCQ,,
F_ENG_L074_Q739,74,Adverb,The baby cried _________. (Adverb),loud,baby,loudly,sleep,loudly,MCQ,,
F_ENG_L074_Q740,74,Adverb,The girl crossed the road _________. (Adverb),safe,girl,road,safely,safely,MCQ,,
F_ENG_L074_Q741,74,Adverb,He waited _________ for his turn. (Adverb),boy,patiently,game,patient,patiently,MCQ,,
F_ENG_L074_Q742,74,Adverb,The students worked _________ during the test. (Adverb),quiet,quietly,test,school,quietly,MCQ,,
F_ENG_L074_Q743,74,Adverb,She opened the gift _________. (Adverb),eagerly,eager,gift,box,eagerly,MCQ,,
F_ENG_L074_Q744,74,Adverb,"Pick out the Adverb: ""The boy answered politely.""",the,answered,boy,politely,politely,MCQ,,
F_ENG_L074_Q745,74,Adverb,"Pick out the Adverb: ""The horse ran swiftly.""",swiftly,ran,horse,the,swiftly,MCQ,,
F_ENG_L074_Q746,74,Adverb,"Pick out the Adverb: ""She listened carefully.""",listened,she,carefully,book,carefully,MCQ,,
F_ENG_L074_Q747,74,Adverb,"Pick out the Adverb: ""The baby slept soundly.""",soundly,slept,baby,the,soundly,MCQ,,
F_ENG_L074_Q748,74,Adverb,"Pick out the Adverb: ""They cheered loudly.""",they,match,loudly,cheered,loudly,MCQ,,
F_ENG_L075_Q749,75,Adverb,An adverb describes a _________.,verb,noun,pronoun,conjunction,verb,MCQ,,
F_ENG_L075_Q750,75,Adverb,Which word tells how the action is done?,car,gently,run,teacher,gently,MCQ,,
F_ENG_L075_Q751,75,Adverb,The bird landed _________ on the branch. (Adverb),gentle,gently,branch,tree,gently,MCQ,,
F_ENG_L075_Q752,75,Adverb,The firefighters worked _________ to save the people. (Adverb),bravely,brave,firefighters,truck,bravely,MCQ,,
F_ENG_L075_Q753,75,Adverb,She completed her drawing _________. (Adverb),neat,drawing,pencil,neatly,neatly,MCQ,,
F_ENG_L075_Q754,75,Adverb,Which word is NOT an Adverb?,slowly,table,happily,quickly,table,MCQ,,
F_ENG_L075_Q755,75,Adverb,Which word is NOT an Adverb?,carefully,quietly,book,safely,book,MCQ,,
F_ENG_L075_Q756,75,Adverb,The puppy followed its owner _________. (Adverb),faithfully,puppy,faithful,dog,faithfully,MCQ,,
F_ENG_L075_Q757,75,Adverb,The children laughed _________. (Adverb),joyful,game,joyfully,children,joyfully,MCQ,,
F_ENG_L075_Q758,75,Adverb,"An adverb often answers the question ""_________ was it done?""",what,when,where,how,how,MCQ,,
F_ENG_L076_Q759,76,Adverb,Which word is an Adverb?,apple,book,teacher,slowly,slowly,MCQ,,
F_ENG_L076_Q760,76,Adverb,Which word is an Adverb?,green,jump,cat,carefully,carefully,MCQ,,
F_ENG_L076_Q761,76,Adverb,Which word is an Adverb?,run,school,quietly,blue,quietly,MCQ,,
F_ENG_L076_Q762,76,Adverb,Which word is an Adverb?,play,kind,happily,dog,happily,MCQ,,
F_ENG_L076_Q763,76,Adverb,Which word is an Adverb?,write,car,softly,red,softly,MCQ,,
F_ENG_L076_Q764,76,Adverb,The teacher spoke _________ to the class. (Adverb),clearly,teacher,class,clear,clearly,MCQ,,
F_ENG_L076_Q765,76,Adverb,The boy climbed the ladder _________. (Adverb),ladder,carefully,boy,careful,carefully,MCQ,,
F_ENG_L076_Q766,76,Adverb,She finished her homework _________. (Adverb),book,quick,quickly,homework,quickly,MCQ,,
F_ENG_L076_Q767,76,Adverb,The cat moved _________ through the room. (Adverb),cat,room,silent,silently,silently,MCQ,,
F_ENG_L076_Q768,76,Adverb,The team played _________ and won the match. (Adverb),match,good,team,well,well,MCQ,,
F_ENG_L077_Q769,77,Adverb,"Pick out the Adverb: ""The girl danced gracefully.""",girl,danced,stage,gracefully,gracefully,MCQ,,
F_ENG_L077_Q770,77,Adverb,"Pick out the Adverb: ""The boy spoke politely.""",boy,friend,spoke,politely,politely,MCQ,,
F_ENG_L077_Q771,77,Adverb,"Pick out the Adverb: ""The dog waited patiently.""",dog,waited,owner,patiently,patiently,MCQ,,
F_ENG_L077_Q772,77,Adverb,"Pick out the Adverb: ""The bird sang sweetly.""",bird,sang,tree,sweetly,sweetly,MCQ,,
F_ENG_L077_Q773,77,Adverb,"Pick out the Adverb: ""The baby smiled happily.""",smiled,baby,happily,mother,happily,MCQ,,
F_ENG_L077_Q774,77,Adverb,An adverb usually describes a _________.,verb,conjunction,noun,pronoun,verb,MCQ,,
F_ENG_L077_Q775,77,Adverb,Which word tells how an action is done?,car,teacher,apple,softly,softly,MCQ,,
F_ENG_L077_Q776,77,Adverb,The rabbit escaped _________ from the cage. (Adverb),quickly,rabbit,quick,cage,quickly,MCQ,,
F_ENG_L077_Q777,77,Adverb,The students listened _________ during the lesson. (Adverb),lesson,attentive,students,attentively,attentively,MCQ,,
F_ENG_L077_Q778,77,Adverb,He carried the glass _________ so it would not break. (Adverb),careful,table,glass,carefully,carefully,MCQ,,
F_ENG_L078_Q779,78,Adverb,Which word is NOT an Adverb?,slowly,quietly,happily,table,table,MCQ,,
F_ENG_L078_Q780,78,Adverb,Which word is NOT an Adverb?,book,softly,quickly,carefully,book,MCQ,,
F_ENG_L078_Q781,78,Adverb,The children walked _________ into the classroom. (Adverb),quietly,book,classroom,happy,quietly,MCQ,,
F_ENG_L078_Q782,78,Adverb,The audience clapped _________ after the performance. (Adverb),loudly,audience,stage,loud,loudly,MCQ,,
F_ENG_L078_Q783,78,Adverb,An adverb often answers the question _________?,how,which,who,when,how,MCQ,,
F_ENG_L078_Q784,78,Adverb,Which word is an Adverb?,carefully,book,apple,teacher,carefully,MCQ,,
F_ENG_L078_Q785,78,Adverb,Which word is an Adverb?,green,quickly,cat,jump,quickly,MCQ,,
F_ENG_L078_Q786,78,Adverb,Which word is an Adverb?,run,school,quietly,blue,quietly,MCQ,,
F_ENG_L078_Q787,78,Adverb,Which word is an Adverb?,kind,bravely,play,dog,bravely,MCQ,,
F_ENG_L078_Q788,78,Adverb,Which word is an Adverb?,red,write,car,honestly,honestly,MCQ,,
F_ENG_L079_Q789,79,Adverb,The girl answered the question _________. (Adverb),girl,question,correctly,correct,correctly,MCQ,,
F_ENG_L079_Q790,79,Adverb,The athlete ran _________ to win the race. (Adverb),track,faster,fast,runner,fast,MCQ,,
F_ENG_L079_Q791,79,Adverb,The children waited _________ for the show to begin. (Adverb),children,show,patiently,patient,patiently,MCQ,,
F_ENG_L079_Q792,79,Adverb,The bird landed _________ on the fence. (Adverb),fence,safely,safe,bird,safely,MCQ,,
F_ENG_L079_Q793,79,Adverb,She packed her books _________ into the bag. (Adverb),neatly,bag,books,neat,neatly,MCQ,,
F_ENG_L079_Q794,79,Adverb,"Pick out the Adverb: ""The horse galloped swiftly across the field.""",galloped,horse,swiftly,field,swiftly,MCQ,,
F_ENG_L079_Q795,79,Adverb,"Pick out the Adverb: ""The teacher explained the lesson clearly.""",lesson,clearly,explained,teacher,clearly,MCQ,,
F_ENG_L079_Q796,79,Adverb,"Pick out the Adverb: ""The baby slept peacefully.""",slept,peacefully,baby,bed,peacefully,MCQ,,
F_ENG_L079_Q797,79,Adverb,"Pick out the Adverb: ""The dog barked loudly at the stranger.""",stranger,barked,dog,loudly,loudly,MCQ,,
F_ENG_L079_Q798,79,Adverb,"Pick out the Adverb: ""The children cheered excitedly.""",cheered,game,excitedly,children,excitedly,MCQ,,
F_ENG_L080_Q799,80,Adverb,An adverb describes a _________.,adjective,verb,noun,pronoun,verb,MCQ,,
F_ENG_L080_Q800,80,Adverb,Which word tells how an action is done?,tree,safely,book,teacher,safely,MCQ,,
F_ENG_L080_Q801,80,Adverb,The firefighter acted _________ during the rescue. (Adverb),rescue,firefighter,bravely,brave,bravely,MCQ,,
F_ENG_L080_Q802,80,Adverb,The turtle moved _________ across the road. (Adverb),road,slow,turtle,slowly,slowly,MCQ,,
F_ENG_L080_Q803,80,Adverb,The singer performed _________ on stage. (Adverb),stage,singer,beautifully,beautiful,beautifully,MCQ,,
F_ENG_L080_Q804,80,Adverb,Which word is NOT an Adverb?,carefully,table,happily,slowly,table,MCQ,,
F_ENG_L080_Q805,80,Adverb,Which word is NOT an Adverb?,neatly,quickly,quietly,book,book,MCQ,,
F_ENG_L080_Q806,80,Adverb,The students entered the classroom _________. (Adverb),quietly,quiet,students,classroom,quietly,MCQ,,
F_ENG_L080_Q807,80,Adverb,The rabbit jumped _________ over the log. (Adverb),log,easy,easily,rabbit,easily,MCQ,,
F_ENG_L080_Q808,80,Adverb,"An adverb often answers the question ""_________?""",how,which,who,where,how,MCQ,,
F_ENG_L081_Q809,81,,,,,,,,Lesson,English/conjunction.md,
F_ENG_L081_Q810,81,Conjunction,This is a small _________ heavy. (Conjunction),but,or,so,for,but,MCQ,,
F_ENG_L081_Q811,81,Conjunction,"I wanted to play, _________ it started raining. (Conjunction)",but,and,because,so,but,MCQ,,
F_ENG_L081_Q812,81,Conjunction,"She studied hard, _________ she passed the exam. (Conjunction)",so,but,or,yet,so,MCQ,,
F_ENG_L081_Q813,81,Conjunction,Would you like tea _________ coffee? (Conjunction),but,so,or,because,or,MCQ,,
F_ENG_L081_Q814,81,Conjunction,"He was tired, _________ he kept working. (Conjunction)",and,because,but,or,but,MCQ,,
F_ENG_L081_Q815,81,Conjunction,The boy is small  _______ brave. (Conjunction),so,or,but,because,but,MCQ,,
F_ENG_L081_Q816,81,Conjunction,I stayed home _________ I was feeling sick. (Conjunction),but,because,and,or,because,MCQ,,
F_ENG_L081_Q817,81,Conjunction,We went to the park _________ played football. (Conjunction),and,but,or,so,and,MCQ,,
F_ENG_L081_Q818,81,Conjunction,"Hurry up, _________ you will miss the train. (Conjunction)",because,or,and,but,or,MCQ,,
F_ENG_L081_Q819,81,Conjunction,She is smart _________ hardworking. (Conjunction),because,but,or,and,and,MCQ,,
F_ENG_L082_Q820,82,Conjunction,"He did not call, _________ he sent a message. (Conjunction)",so,and,because,but,but,MCQ,,
F_ENG_L082_Q821,82,Conjunction,"The weather was cold, _________ we stayed indoors. (Conjunction)",but,so,or,yet,so,MCQ,,
F_ENG_L082_Q822,82,Conjunction,You can take a bus _________ a taxi. (Conjunction),or,and,because,but,or,MCQ,,
F_ENG_L082_Q823,82,Conjunction,The baby cried _________ it was hungry. (Conjunction),because,but,and,so,because,MCQ,,
F_ENG_L082_Q824,82,Conjunction,She opened the window _________ let in fresh air. (Conjunction),but,and,because,or,and,MCQ,,
F_ENG_L082_Q825,82,Conjunction,"I wanted to buy the book, _________ I had no money. (Conjunction)",because,so,or,but,but,MCQ,,
F_ENG_L082_Q826,82,Conjunction,He woke up early _________ went for a walk. (Conjunction),because,or,but,and,and,MCQ,,
F_ENG_L082_Q827,82,Conjunction,"Study well, _________ you may fail the test. (Conjunction)",and,because,or,but,or,MCQ,,
F_ENG_L082_Q828,82,Conjunction,The food was tasty _________ expensive. (Conjunction),because,but,and,so,but,MCQ,,
F_ENG_L082_Q829,82,Conjunction,We stayed inside _________ the storm was strong. (Conjunction),or,and,because,but,because,MCQ,,
F_ENG_L083_Q830,83,Conjunction,My sister likes music _________ dancing. (Conjunction),or,because,and,but,and,MCQ,,
F_ENG_L083_Q831,83,Conjunction,"He practiced daily, _________ he became a better player. (Conjunction)",or,but,so,because,so,MCQ,,
F_ENG_L083_Q832,83,Conjunction,Do you want apples _________ bananas? (Conjunction),or,and,but,because,or,MCQ,,
F_ENG_L083_Q833,83,Conjunction,The room was small _________ comfortable. (Conjunction),and,so,because,but,but,MCQ,,
F_ENG_L083_Q834,83,Conjunction,She smiled _________ waved at her friend. (Conjunction),and,because,but,or,and,MCQ,,
F_ENG_L083_Q835,83,Conjunction,"The boy was hungry, _________ he ate a sandwich. (Conjunction)",because,but,or,so,so,MCQ,,
F_ENG_L083_Q836,83,Conjunction,She can sing _________ dance very well. (Conjunction),or,but,because,and,and,MCQ,,
F_ENG_L083_Q837,83,Conjunction,We stayed at home _________ it was raining heavily. (Conjunction),or,and,but,because,because,MCQ,,
F_ENG_L083_Q838,83,Conjunction,"Take an umbrella, _________ you may get wet. (Conjunction)",or,and,because,but,or,MCQ,,
F_ENG_L083_Q839,83,Conjunction,The toy is  old _____ very useful. (Conjunction),or,because,but,so,but,MCQ,,
F_ENG_L084_Q840,84,Conjunction,I finished my homework _________ went to bed. (Conjunction),because,and,or,but,and,MCQ,,
F_ENG_L084_Q841,84,Conjunction,"The road was slippery, _________ we drove carefully. (Conjunction)",so,but,and,because,so,MCQ,,
F_ENG_L084_Q842,84,Conjunction,Would you like juice _________ milk? (Conjunction),because,but,and,or,or,MCQ,,
F_ENG_L084_Q843,84,Conjunction,"She did not study, _________ she failed the test. (Conjunction)",because,but,and,so,so,MCQ,,
F_ENG_L084_Q844,84,Conjunction,The movie was long _________ interesting. (Conjunction),because,or,but,so,but,MCQ,,
F_ENG_L084_Q845,84,Conjunction,He opened the box _________ found a gift inside. (Conjunction),or,but,because,and,and,MCQ,,
F_ENG_L084_Q846,84,Conjunction,I could not attend class _________ I was sick. (Conjunction),and,or,but,because,because,MCQ,,
F_ENG_L084_Q847,84,Conjunction,"Walk faster, _________ you will be late. (Conjunction)",and,or,but,because,or,MCQ,,
F_ENG_L084_Q848,84,Conjunction,The cat jumped onto the chair _________ slept there. (Conjunction),because,or,and,but,and,MCQ,,
F_ENG_L084_Q849,84,Conjunction,She is kind ________ helpful. (Conjunction),and,so,or,but,and,MCQ,,
F_ENG_L085_Q850,85,Conjunction,"The shop was closed, _________ we returned home. (Conjunction)",so,because,but,or,so,MCQ,,
F_ENG_L085_Q851,85,Conjunction,"He tried hard, _________ he could not win. (Conjunction)",and,because,but,or,but,MCQ,,
F_ENG_L085_Q852,85,Conjunction,"You must hurry, _________ the bus will leave soon. (Conjunction)",or,because,but,and,or,MCQ,,
F_ENG_L085_Q853,85,Conjunction,The child cried _________ he lost his toy. (Conjunction),because,so,and,but,because,MCQ,,
F_ENG_L085_Q854,85,Conjunction,We bought fruits _________ vegetables from the market. (Conjunction),or,and,but,because,and,MCQ,,
F_ENG_L085_Q855,85,Conjunction,"The room was dark, _________ I switched on the light. (Conjunction)",or,because,so,but,so,MCQ,,
F_ENG_L085_Q856,85,Conjunction,"She was hungry, _____ she ate lunch. (Conjunction)",and,because,but,so,so,MCQ,,
F_ENG_L085_Q857,85,Conjunction,Do you prefer tea ______ coffee in the morning? (Conjunction),or,and,but,because,or,MCQ,,
F_ENG_L085_Q858,85,Conjunction,"He was sleepy, _________  he finished his homework. (Conjunction)",so,because,or,but,but,MCQ,,
F_ENG_L085_Q859,85,Conjunction,The children laughed _________ clapped their hands happily. (Conjunction),because,and,but,or,and,MCQ,,
F_ENG_L086_Q860,86,,,,,,,,Lesson,English/interjection.md,
F_ENG_L086_Q861,86,Interjection,___! That was an amazing goal.,Quickly,Run,Beautiful,Wow,Wow,MCQ,,
F_ENG_L086_Q862,86,Interjection,___! I forgot my homework.,Jump,Oops,Table,Blue,Oops,MCQ,,
F_ENG_L086_Q863,86,Interjection,___! We won the match.,Slowly,Chair,Hooray,School,Hooray,MCQ,,
F_ENG_L086_Q864,86,Interjection,___! That hurt my finger.,Under,Ouch,Happy,Walk,Ouch,MCQ,,
F_ENG_L086_Q865,86,Interjection,___! The food tastes great.,Book,Yummy,Write,Tall,Yummy,MCQ,,
F_ENG_L086_Q866,86,Interjection,___! I didn't expect to see you here.,Oh,Green,Window,Run,Oh,MCQ,,
F_ENG_L086_Q867,86,Interjection,___! The glass is falling.,Watch out,Dog,Pencil,Quickly,Watch out,MCQ,,
F_ENG_L086_Q868,86,Interjection,___! We are going on vacation tomorrow.,Orange,Yay,School,Dance,Yay,MCQ,,
F_ENG_L086_Q869,86,Interjection,___! The baby is so cute.,Fast,Aww,Table,Jump,Aww,MCQ,,
F_ENG_L086_Q870,86,Interjection,___! I stepped in a puddle.,Sing,Oops,Cloud,Loud,Oops,MCQ,,
F_ENG_L087_Q871,87,Interjection,___! The magician disappeared.,Wow,Small,Desk,Read,Wow,MCQ,,
F_ENG_L087_Q872,87,Interjection,___! I lost my pencil.,Oh no,Swim,Bag,Pretty,Oh no,MCQ,,
F_ENG_L087_Q873,87,Interjection,___! You scared me.,House,Yellow,Slowly,Ah,Ah,MCQ,,
F_ENG_L087_Q874,87,Interjection,___! What a beautiful rainbow.,Quiet,Wow,Play,Tree,Wow,MCQ,,
F_ENG_L087_Q875,87,Interjection,___! We finished our homework.,Tiny,Hooray,Apple,Talk,Hooray,MCQ,,
F_ENG_L087_Q876,87,Interjection,___! The soup is very hot.,Book,Strong,Yikes,Walk,Yikes,MCQ,,
F_ENG_L087_Q877,87,Interjection,___! I dropped my ice cream.,Oh no,Smile,Chair,Blue,Oh no,MCQ,,
F_ENG_L087_Q878,87,Interjection,___! That joke was funny.,Round,Dance,Ha ha,School,Ha ha,MCQ,,
F_ENG_L087_Q879,87,Interjection,___! The fireworks are beautiful.,Run,Large,Pen,Wow,Wow,MCQ,,
F_ENG_L087_Q880,87,Interjection,___! We got full marks in the test.,Red,Hooray,Sing,Window,Hooray,MCQ,,
F_ENG_L088_Q881,88,Interjection,___! I touched something sharp.,Jump,Happy,Ouch,Bottle,Ouch,MCQ,,
F_ENG_L088_Q882,88,Interjection,___! Look at that giant elephant.,Desk,Short,Wow,Write,Wow,MCQ,,
F_ENG_L088_Q883,88,Interjection,___! I nearly fell off my bike.,Read,Door,Bright,Yikes,Yikes,MCQ,,
F_ENG_L088_Q884,88,Interjection,___! Look at the beautiful rainbow.,Wow,Young,Table,Walk,Wow,MCQ,,
F_ENG_L088_Q885,88,Interjection,___! We are the champions.,Book,Kind,Draw,Hooray,Hooray,MCQ,,
F_ENG_L088_Q886,88,Interjection,___! I found a treasure map.,Chair,Blue,Run,Wow,Wow,MCQ,,
F_ENG_L088_Q887,88,Interjection,___! The movie was fantastic.,Wow,Table,Happy,Sing,Wow,MCQ,,
F_ENG_L088_Q888,88,Interjection,___! I accidentally broke the vase.,Walk,Book,Green,Oops,Oops,MCQ,,
F_ENG_L088_Q889,88,Interjection,___! We are going to the amusement park.,Jump,Yellow,School,Yay,Yay,MCQ,,
F_ENG_L088_Q890,88,Interjection,___! I bumped my head on the door.,Ouch,Tall,Pencil,Read,Ouch,MCQ,,
F_ENG_L089_Q891,89,Interjection,___! The puppy is adorable.,Aww,Strong,Desk,Dance,Aww,MCQ,,
F_ENG_L089_Q892,89,Interjection,___! You nearly hit the wall.,Watch out,Tree,Bright,Swim,Watch out,MCQ,,
F_ENG_L089_Q893,89,Interjection,___! I forgot my friend's birthday.,House,Oh no,Write,Fast,Oh no,MCQ,,
F_ENG_L089_Q894,89,Interjection,___! That's a huge cake.,Kind,Door,Wow,Run,Wow,MCQ,,
F_ENG_L089_Q895,89,Interjection,___! We finished first in the race.,Apple,Quiet,Hooray,Draw,Hooray,MCQ,,
F_ENG_L089_Q896,89,Interjection,___! The roller coaster is moving fast.,Small,Read,Chair,Yikes,Yikes,MCQ,,
F_ENG_L089_Q897,89,Interjection,___! I didn't know you were here.,Table,Blue,Walk,Oh,Oh,MCQ,,
F_ENG_L089_Q898,89,Interjection,___! The clown made everyone laugh.,Pretty,Ha ha,Book,Jump,Ha ha,MCQ,,
F_ENG_L089_Q899,89,Interjection,___! I spilled juice on my shirt.,Round,Sing,Oops,Window,Oops,MCQ,,
F_ENG_L089_Q900,89,Interjection,___! That lightning was very bright.,Young,Wow,Desk,Swim,Wow,MCQ,,
F_ENG_L090_Q901,90,Interjection,___! We passed the exam.,Hooray,Door,Tiny,Talk,Hooray,MCQ,,
F_ENG_L090_Q902,90,Interjection,___! I touched a hot pan.,School,Run,Large,Ouch,Ouch,MCQ,,
F_ENG_L090_Q903,90,Interjection,___! The kitten fell asleep in my lap.,Write,Cold,Book,Aww,Aww,MCQ,,
F_ENG_L090_Q904,90,Interjection,___! The bus is coming quickly.,Read,Tree,Look out,Sharp,Look out,MCQ,,
F_ENG_L090_Q905,90,Interjection,___! I can't find my backpack.,Oh no,Soft,Table,Draw,Oh no,MCQ,,
F_ENG_L090_Q906,90,Interjection,___! We get an extra holiday tomorrow.,Walk,Heavy,Chair,Yay,Yay,MCQ,,
F_ENG_L090_Q907,90,Interjection,___! That magic trick was unbelievable.,Wow,Warm,Run,Window,Wow,MCQ,,
F_ENG_L090_Q908,90,Interjection,___! The bee almost stung me.,Slow,Desk,Jump,Yikes,Yikes,MCQ,,
F_ENG_L090_Q909,90,Interjection,___! You solved the puzzle perfectly.,Green,Bravo,Door,Sing,Bravo,MCQ,,
F_ENG_L090_Q910,90,Interjection,___! The concert was amazing.,Read,Book,Happy,Wow,Wow,MCQ,,
F_ENG_L091_Q911,91,Interjection,___! You answered every question correctly.,Blue,Jump,Bravo,Chair,Bravo,MCQ,,
F_ENG_L091_Q912,91,Interjection,___! The glass is about to fall.,Happy,Book,Write,Look out,Look out,MCQ,,
F_ENG_L091_Q913,91,Interjection,___! We are finally at the beach.,Green,Yay,Run,Table,Yay,MCQ,,
F_ENG_L091_Q914,91,Interjection,___! That spider is huge.,Tall,Sing,Yikes,School,Yikes,MCQ,,
F_ENG_L091_Q915,91,Interjection,___! I accidentally deleted my homework.,Oops,Yellow,Desk,Walk,Oops,MCQ,,
F_ENG_L091_Q916,91,Interjection,___! The baby just smiled at me.,Aww,Strong,Tree,Read,Aww,MCQ,,
F_ENG_L091_Q917,91,Interjection,___! What a beautiful painting.,Bright,Jump,Wow,Apple,Wow,MCQ,,
F_ENG_L091_Q918,91,Interjection,___! I hurt my knee while running.,Ouch,Kind,Door,Swim,Ouch,MCQ,,
F_ENG_L091_Q919,91,Interjection,___! We won the science competition.,Hooray,Quiet,Book,Draw,Hooray,MCQ,,
F_ENG_L091_Q920,91,Interjection,___! I didn't expect such a surprise.,Talk,Window,Oh,Small,Oh,MCQ,,
F_ENG_L092_Q921,92,Interjection,___! I forgot to bring my lunch.,Pretty,Oh no,Chair,Write,Oh no,MCQ,,
F_ENG_L092_Q922,92,Interjection,___! That joke was hilarious.,Ha ha,Round,Table,Run,Ha ha,MCQ,,
F_ENG_L092_Q923,92,Interjection,___! The puppy learned a new trick.,School,Sing,Bravo,Young,Bravo,MCQ,,
F_ENG_L092_Q924,92,Interjection,___! The soup smells delicious.,Desk,Read,Tiny,Yummy,Yummy,MCQ,,
F_ENG_L092_Q925,92,Interjection,___! A car is coming your way.,Watch out,Large,Tree,Walk,Watch out,MCQ,,
F_ENG_L092_Q926,92,Interjection,___! We are going on a picnic today.,Jump,Apple,Cold,Yay,Yay,MCQ,,
F_ENG_L092_Q927,92,Interjection,___! The fireworks were spectacular.,Draw,Door,Soft,Wow,Wow,MCQ,,
F_ENG_L092_Q928,92,Interjection,___! I stepped on a toy.,Book,Sing,Ouch,Warm,Ouch,MCQ,,
F_ENG_L092_Q929,92,Interjection,___! The little ducklings are adorable.,Window,Sharp,Aww,Read,Aww,MCQ,,
F_ENG_L092_Q930,92,Interjection,___! You nearly dropped the cake.,Chair,Slow,Careful,Write,Careful,MCQ,,
F_ENG_L093_Q931,93,Interjection,___! I got a perfect score in math.,Hooray,Table,Talk,Heavy,Hooray,MCQ,,
F_ENG_L093_Q932,93,Interjection,___! I left my ticket at home.,Green,Run,Oh no,School,Oh no,MCQ,,
F_ENG_L093_Q933,93,Interjection,___! That roller coaster was scary.,Jump,Yikes,Desk,Blue,Yikes,MCQ,,
F_ENG_L093_Q934,93,Interjection,___! The magician pulled a rabbit from a hat.,Happy,Swim,Wow,Tree,Wow,MCQ,,
F_ENG_L093_Q935,93,Interjection,___! You performed very well on stage.,Apple,Walk,Tall,Bravo,Bravo,MCQ,,
F_ENG_L093_Q936,93,Interjection,___! I spilled juice on my shirt.,Oops,Chair,Run,Green,Oops,MCQ,,
F_ENG_L093_Q937,93,Interjection,___! That puppy is so cute.,Wow,Desk,Jump,Tall,Wow,MCQ,,
F_ENG_L093_Q938,93,Interjection,___! I forgot to do my homework.,Oh no,Apple,Walk,Heavy,Oh no,MCQ,,
F_ENG_L093_Q939,93,Interjection,___! The fireworks are amazing.,Wow,Swim,Blue,Quickly,Wow,MCQ,,
F_ENG_L093_Q940,93,Interjection,___! I won the race!,Hooray,School,Desk,Kind,Hooray,MCQ,,
F_ENG_L094_Q941,94,,,,,,,,Lesson,English/capital_letters.md,
F_ENG_L094_Q942,94,Capital Letters,Which sentence is written correctly?,My name is Rahim.,My Name Is Rahim.,my name Is rahim.,my name is rahim.,My name is Rahim.,MCQ,,
F_ENG_L094_Q943,94,Capital Letters,Which word should begin with a capital letter?,pencil,bangladesh,apple,book,bangladesh,MCQ,,
F_ENG_L094_Q944,94,Capital Letters,Which sentence is correct?,i live in dhaka.,I live in dhaka.,I live in Dhaka.,i Live in Dhaka.,I live in Dhaka.,MCQ,,
F_ENG_L094_Q945,94,Capital Letters,Which word should start with a capital letter?,monday,bag,chair,table,monday,MCQ,,
F_ENG_L094_Q946,94,Capital Letters,Which sentence is written correctly?,We visited cox's bazar.,we visited cox's bazar.,We visited Cox's Bazar.,we visited Cox's bazar.,We visited Cox's Bazar.,MCQ,,
F_ENG_L094_Q947,94,Capital Letters,Which word needs a capital letter?,cat,january,bird,dog,january,MCQ,,
F_ENG_L094_Q948,94,Capital Letters,Choose the correct sentence.,she Is reading a book.,She Is Reading A Book.,She is reading a book.,she is reading a book.,She is reading a book.,MCQ,,
F_ENG_L094_Q949,94,Capital Letters,Which name is written correctly?,rINA,RINA,Rina,rina,Rina,MCQ,,
F_ENG_L094_Q950,94,Capital Letters,Which sentence begins correctly?,The sun is shining.,the sun is shining.,the Sun is shining.,The Sun Is Shining.,The sun is shining.,MCQ,,
F_ENG_L094_Q951,94,Capital Letters,Which word should be capitalized?,desk,friday,door,pen,friday,MCQ,,
F_ENG_L095_Q952,95,Capital Letters,Which sentence is correct?,my Teacher is Mr. Ali.,My teacher is Mr. Ali.,My teacher is mr. Ali.,my teacher is mr. ali.,My teacher is Mr. Ali.,MCQ,,
F_ENG_L095_Q953,95,Capital Letters,Which word should start with a capital letter?,lake,bangladesh,river,mountain,bangladesh,MCQ,,
F_ENG_L095_Q954,95,Capital Letters,Which word should begin with a capital letter?,orange,mango,apple,march,march,MCQ,,
F_ENG_L095_Q955,95,Capital Letters,Choose the correct sentence.,i like english.,i Like English.,I like English.,I Like english.,I like English.,MCQ,,
F_ENG_L095_Q956,95,Capital Letters,Which word is written correctly?,dHAKA,Dhaka,dhaka,DHAKA,Dhaka,MCQ,,
F_ENG_L095_Q957,95,Capital Letters,Which sentence is correct?,Rahim And Karim Are Friends.,rahim And Karim are friends.,rahim and karim are friends.,Rahim and Karim are friends.,Rahim and Karim are friends.,MCQ,,
F_ENG_L095_Q958,95,Capital Letters,Which word should start with a capital letter?,tree,ball,sunday,book,sunday,MCQ,,
F_ENG_L095_Q959,95,Capital Letters,Choose the correct sentence.,we Went to Chittagong.,we went to chittagong.,We went to Chittagong.,We went to chittagong.,We went to Chittagong.,MCQ,,
F_ENG_L095_Q960,95,Capital Letters,Which word is a proper name and needs a capital letter?,girl,rahim,city,boy,rahim,MCQ,,
F_ENG_L095_Q961,95,Capital Letters,Which sentence is correct?,my birthday is in july.,My birthday is in July.,my Birthday is in July.,My Birthday is in july.,My birthday is in July.,MCQ,,
F_ENG_L096_Q962,96,Capital Letters,Which sentence uses capitals correctly?,i saw the buriganga river.,I Saw the Buriganga river.,I saw the Buriganga River.,i saw the Buriganga River.,I saw the Buriganga River.,MCQ,,
F_ENG_L096_Q963,96,Capital Letters,Which word should start with a capital letter?,teacher,april,student,class,april,MCQ,,
F_ENG_L096_Q964,96,Capital Letters,Choose the correct sentence.,My favorite subject is Math.,my favorite subject is math.,my favorite Subject is Math.,My Favorite Subject Is Math.,My favorite subject is Math.,MCQ,,
F_ENG_L096_Q965,96,Capital Letters,Which sentence is written correctly?,The president Lives in dhaka.,the President lives in Dhaka.,The President lives in Dhaka.,the president lives in dhaka.,The President lives in Dhaka.,MCQ,,
F_ENG_L096_Q966,96,Capital Letters,What type of letter should begin a sentence?,capital letter,symbol,small letter,number,capital letter,MCQ,,
F_ENG_L096_Q967,96,Capital Letters,Which sentence is written correctly?,My Friend lives in khulna.,My friend lives in Khulna.,my Friend Lives in Khulna.,my friend lives in khulna.,My friend lives in Khulna.,MCQ,,
F_ENG_L096_Q968,96,Capital Letters,Which word should begin with a capital letter?,river,august,pencil,chair,august,MCQ,,
F_ENG_L096_Q969,96,Capital Letters,Choose the correct sentence.,I went to school early.,i went to school early.,I Went To School Early.,i Went to school early.,I went to school early.,MCQ,,
F_ENG_L096_Q970,96,Capital Letters,Which name is written correctly?,SALIM,salim,sALIM,Salim,Salim,MCQ,,
F_ENG_L096_Q971,96,Capital Letters,Which sentence is correct?,my Birthday is in December.,my birthday is in december.,My Birthday is in december.,My birthday is in December.,My birthday is in December.,MCQ,,
F_ENG_L097_Q972,97,Capital Letters,Which word should start with a capital letter?,tuesday,book,door,table,tuesday,MCQ,,
F_ENG_L097_Q973,97,Capital Letters,Choose the correct sentence.,we Visited sylhet last year.,We visited Sylhet last year.,We Visited Sylhet Last Year.,we visited sylhet last year.,We visited Sylhet last year.,MCQ,,
F_ENG_L097_Q974,97,Capital Letters,Which country name should begin with a capital letter?,india,pen,bag,tree,india,MCQ,,
F_ENG_L097_Q975,97,Capital Letters,Which sentence is written correctly?,RAHIM likes cricket.,Rahim likes cricket.,rahim Likes Cricket.,rahim likes cricket.,Rahim likes cricket.,MCQ,,
F_ENG_L097_Q976,97,Capital Letters,Which month should start with a capital letter?,mango,banana,november,apple,november,MCQ,,
F_ENG_L097_Q977,97,Capital Letters,Choose the correct sentence.,my Favorite city is Dhaka.,My favorite city is Dhaka.,My Favorite City Is Dhaka.,my favorite city is dhaka.,My favorite city is Dhaka.,MCQ,,
F_ENG_L097_Q978,97,Capital Letters,Which word is written correctly?,Bangladesh,bangladesh,BANGLADESH,bANGLADESH,Bangladesh,MCQ,,
F_ENG_L097_Q979,97,Capital Letters,Which sentence is correct?,The meeting is on Friday.,the meeting is on friday.,the Meeting is on friday.,The Meeting Is On Friday.,The meeting is on Friday.,MCQ,,
F_ENG_L097_Q980,97,Capital Letters,Which word should begin with a capital letter?,friend,teacher,june,student,june,MCQ,,
F_ENG_L097_Q981,97,Capital Letters,Choose the correct sentence.,i Enjoy reading english books.,i enjoy reading english stories,I Enjoy Reading English Books.,I enjoy reading English books.,I enjoy reading English books.,MCQ,,
F_ENG_L098_Q982,98,Capital Letters,Which sentence is written correctly?,salma And Rita are sisters.,salma and rita are sisters.,Salma And Rita Are Sisters.,Salma and Rita are sisters.,Salma and Rita are sisters.,MCQ,,
F_ENG_L098_Q983,98,Capital Letters,Which day of the week should start with a capital letter?,house,dog,wednesday,car,wednesday,MCQ,,
F_ENG_L098_Q984,98,Capital Letters,Choose the correct sentence.,We went to Rangamati during vacation.,we went to rangamati during vacation.,We Went To Rangamati During Vacation.,we Went to rangamati during vacation.,We went to Rangamati during vacation.,MCQ,,
F_ENG_L098_Q985,98,Capital Letters,Which word needs a capital letter?,nila,friend,boy,girl,nila,MCQ,,
F_ENG_L098_Q986,98,Capital Letters,Which sentence is correct?,My Uncle Lives In India.,My uncle lives in India.,my Uncle lives in india.,my uncle lives in india.,My uncle lives in India.,MCQ,,
F_ENG_L098_Q987,98,Capital Letters,Choose the correct sentence.,the Padma river is very long.,the padma river is very long.,The padma River is very long.,The Padma River is very long.,The Padma River is very long.,MCQ,,
F_ENG_L098_Q988,98,Capital Letters,Which word should start with a capital letter?,september,class,board,lesson,september,MCQ,,
F_ENG_L098_Q989,98,Capital Letters,Which sentence is written correctly?,i met mr. hasan yesterday.,i Met mr. Hasan yesterday.,I Met Mr. Hasan Yesterday.,I met Mr. Hasan yesterday.,I met Mr. Hasan yesterday.,MCQ,,
F_ENG_L098_Q990,98,Capital Letters,Which sentence uses capitals correctly?,My school is in Gazipur.,My School Is In Gazipur.,my school is in gazipur.,my School is in gazipur.,My school is in Gazipur.,MCQ,,
F_ENG_L098_Q991,98,Capital Letters,Which type of letter is used for names?,capital letter,symbol,number,small letter,capital letter,MCQ,,
F_ENG_L099_Q992,99,Capital Letters,Which sentence is written correctly?,My Brother Studies In Rajshahi.,my Brother studies in rajshahi.,My brother studies in Rajshahi.,my brother studies in rajshahi.,My brother studies in Rajshahi.,MCQ,,
F_ENG_L099_Q993,99,Capital Letters,Which word should begin with a capital letter?,october,clock,eraser,desk,october,MCQ,,
F_ENG_L099_Q994,99,Capital Letters,Choose the correct sentence.,I have a new bicycle.,I Have A New Bicycle.,i Have a new bicycle.,i have a new bicycle.,I have a new bicycle.,MCQ,,
F_ENG_L099_Q995,99,Capital Letters,Which name is written correctly?,kARIM,karim,Karim,KARIM,Karim,MCQ,,
F_ENG_L099_Q996,99,Capital Letters,Which sentence is correct?,my Favorite month is may.,My Favorite Month Is May.,my favorite month is may.,My favorite month is May.,My favorite month is May.,MCQ,,
F_ENG_L099_Q997,99,Capital Letters,Which word should start with a capital letter?,saturday,ball,door,book,saturday,MCQ,,
F_ENG_L099_Q998,99,Capital Letters,Choose the correct sentence.,We Visited Bandarban Last Winter.,we visited bandarban last winter.,We visited Bandarban last winter.,we Visited bandarban last winter.,We visited Bandarban last winter.,MCQ,,
F_ENG_L099_Q999,99,Capital Letters,Which country name should begin with a capital letter?,pen,nepal,table,chair,nepal,MCQ,,
F_ENG_L099_Q1000,99,Capital Letters,Which sentence is written correctly?,Nila likes drawing pictures.,NILA likes drawing pictures.,nila likes drawing pictures.,nila Likes Drawing Pictures.,Nila likes drawing pictures.,MCQ,,
F_ENG_L099_Q1001,99,Capital Letters,Which month should start with a capital letter?,mango,orange,apple,february,february,MCQ,,
F_ENG_L100_Q1002,100,Capital Letters,Choose the correct sentence.,My cousin lives in Barisal.,my Cousin lives in barisal.,My Cousin Lives In Barisal.,my cousin lives in barisal.,My cousin lives in Barisal.,MCQ,,
F_ENG_L100_Q1003,100,Capital Letters,Which word is written correctly?,China,cHINA,china,CHINA,China,MCQ,,
F_ENG_L100_Q1004,100,Capital Letters,Which sentence is correct?,The exam is on Monday.,the Exam is on monday.,The Exam Is On Monday.,the exam is on monday.,The exam is on Monday.,MCQ,,
F_ENG_L100_Q1005,100,Capital Letters,Which word should begin with a capital letter?,class,april,teacher,friend,april,MCQ,,
F_ENG_L100_Q1006,100,Capital Letters,Choose the correct sentence.,My favorite subject is Mathematics.,i Enjoy learning mathematics.,I Enjoy Learning Mathematics.,i enjoy learning mathematics.,My favorite subject is Mathematics.,MCQ,,
F_ENG_L100_Q1007,100,Capital Letters,Which sentence is written correctly?,Rabeya and Sumaiya are classmates.,rabeya And Sumaiya are classmates.,rabeya and sumaiya are classmates.,Rabeya And Sumaiya Are Classmates.,Rabeya and Sumaiya are classmates.,MCQ,,
F_ENG_L100_Q1008,100,Capital Letters,Which day of the week should start with a capital letter?,car,thursday,house,tree,thursday,MCQ,,
F_ENG_L100_Q1009,100,Capital Letters,Choose the correct sentence.,we traveled to cox's bazar by bus.,We traveled to Cox's Bazar by bus.,We Traveled To Cox's Bazar By Bus.,we Traveled to cox's bazar by bus.,We traveled to Cox's Bazar by bus.,MCQ,,
F_ENG_L100_Q1010,100,Capital Letters,Which word needs a capital letter?,boy,girl,friend,rahima,rahima,MCQ,,
F_ENG_L100_Q1011,100,Capital Letters,Which sentence is correct?,My Aunt Works In Pakistan.,my Aunt works in pakistan.,my aunt works in pakistan.,My aunt works in Pakistan.,My aunt works in Pakistan.,MCQ,,
F_ENG_L101_Q1012,101,Vocabulary 2,The elephant is big but the ant is ______.,,,,,small,FillBlank,,
F_ENG_L101_Q1013,101,Vocabulary 2,The giraffe is tall and the rabbit is ______.,,,,,short,FillBlank,,
F_ENG_L101_Q1014,101,Vocabulary 2,The soup is hot but the ice cream is ______.,,,,,cold,FillBlank,,
F_ENG_L101_Q1015,101,Vocabulary 2,The box is heavy but the feather is ______.,,,,,light,FillBlank,,
F_ENG_L101_Q1016,101,Vocabulary 2,The road is wide but the path is ______.,,,,,narrow,FillBlank,,
F_ENG_L101_Q1017,101,Vocabulary 2,The lion is strong but the kitten is ______.,,,,,weak,FillBlank,,
F_ENG_L101_Q1018,101,Vocabulary 2,The mountain is high but the valley is ______.,,,,,low,FillBlank,,
F_ENG_L101_Q1019,101,Vocabulary 2,The old man walks slowly but the young boy walks ______.,,,,,fast,FillBlank,,
F_ENG_L101_Q1020,101,Vocabulary 2,The classroom is clean but the garage is ______.,,,,,dirty,FillBlank,,
F_ENG_L101_Q1021,101,Vocabulary 2,The king was rich but the beggar was ______.,,,,,poor,FillBlank,,
F_ENG_L102_Q1022,102,Vocabulary 2,The bag is full but the bottle is ______.,,,,,empty,FillBlank,,
F_ENG_L102_Q1023,102,Vocabulary 2,The exam was easy but the puzzle was ______.,,,,,difficult,FillBlank,,
F_ENG_L102_Q1024,102,Vocabulary 2,The tiger is wild but the cow is ______.,,,,,tame,FillBlank,,
F_ENG_L102_Q1025,102,Vocabulary 2,The water is deep but the puddle is ______.,,,,,shallow,FillBlank,,
F_ENG_L102_Q1026,102,Vocabulary 2,The movie was interesting but the lecture was ______.,,,,,boring,FillBlank,,
F_ENG_L102_Q1027,102,Vocabulary 2,The glass is hard but the pillow is ______.,,,,,soft,FillBlank,,
F_ENG_L102_Q1028,102,Vocabulary 2,The room is bright but the basement is ______.,,,,,dark,FillBlank,,
F_ENG_L102_Q1029,102,Vocabulary 2,The train arrived early but the bus arrived ______.,,,,,late,FillBlank,,
F_ENG_L102_Q1030,102,Vocabulary 2,The tree is alive but the fallen leaf is ______.,,,,,dead,FillBlank,,
F_ENG_L102_Q1031,102,Vocabulary 2,The market is crowded but the park is ______.,,,,,empty,FillBlank,,
F_ENG_L103_Q1032,103,Vocabulary 2,The rope is tight but the knot is ______.,,,,,loose,FillBlank,,
F_ENG_L103_Q1033,103,Vocabulary 2,The boy was happy but the girl was ______.,,,,,sad,FillBlank,,
F_ENG_L103_Q1034,103,Vocabulary 2,The question was simple but the answer was ______.,,,,,complex,FillBlank,,
F_ENG_L103_Q1035,103,Vocabulary 2,The summer day is long but the winter day is ______.,,,,,short,FillBlank,,
F_ENG_L103_Q1036,103,Vocabulary 2,The mountain is high but the valley is ______.,,,,,low,FillBlank,,
F_ENG_L103_Q1037,103,Vocabulary 2,The soup is hot but the ice cream is ______.,,,,,cold,FillBlank,,
F_ENG_L103_Q1038,103,Vocabulary 2,The car is fast but the bicycle is ______.,,,,,slow,FillBlank,,
F_ENG_L103_Q1039,103,Vocabulary 2,The box is heavy but the feather is ______.,,,,,light,FillBlank,,
F_ENG_L103_Q1040,103,Vocabulary 2,The story is old but the movie is ______.,,,,,new,FillBlank,,
F_ENG_L103_Q1041,103,Vocabulary 2,The mountain is high but the valley is ______.,,,,,low,FillBlank,,
F_ENG_L104_Q1042,104,Fill in the Blank : Pronoun,My parrot likes to sing. ______ sings beautifully.,,,,,It,FillBlank,,
F_ENG_L104_Q1043,104,Fill in the Blank : Pronoun,The lion and the tiger are sleeping. ______ are tired.,,,,,They,FillBlank,,
F_ENG_L104_Q1044,104,Fill in the Blank : Pronoun,Rina is my best friend. ______ helps me with my homework.,,,,,She,FillBlank,,
F_ENG_L104_Q1045,104,Fill in the Blank : Pronoun,John is a good football player. ______ plays very well.,,,,,He,FillBlank,,
F_ENG_L104_Q1046,104,Fill in the Blank : Pronoun,The books are on the table. ______ belong to the library.,,,,,They,FillBlank,,
F_ENG_L104_Q1047,104,Fill in the Blank : Pronoun,My brother and I went to the park. ______ had a great time.,,,,,We,FillBlank,,
F_ENG_L104_Q1048,104,Fill in the Blank : Pronoun,The dog is barking loudly. ______ wants some food.,,,,,It,FillBlank,,
F_ENG_L104_Q1049,104,Fill in the Blank : Pronoun,Sarah and Mina are classmates. ______ study together.,,,,,They,FillBlank,,
F_ENG_L104_Q1050,104,Fill in the Blank : Pronoun,I am learning Python. ______ enjoy coding very much.,,,,,I,FillBlank,,
F_ENG_L104_Q1051,104,Fill in the Blank : Pronoun,You have completed the project. ______ did a great job.,,,,,You,FillBlank,,
F_ENG_L105_Q1052,105,Fill in the Blank : Pronoun,The flowers are blooming. ______ look beautiful.,,,,,They,FillBlank,,
F_ENG_L105_Q1053,105,Fill in the Blank : Pronoun,My father is a teacher. ______ teaches mathematics.,,,,,He,FillBlank,,
F_ENG_L105_Q1054,105,Fill in the Blank : Pronoun,The baby is sleeping peacefully. ______ is very quiet.,,,,,It,FillBlank,,
F_ENG_L105_Q1055,105,Fill in the Blank : Pronoun,My mother and aunt are cooking. ______ are preparing dinner.,,,,,They,FillBlank,,
F_ENG_L105_Q1056,105,Fill in the Blank : Pronoun,Tom has a new bicycle. ______ rides it every day.,,,,,He,FillBlank,,
F_ENG_L105_Q1057,105,Fill in the Blank : Pronoun,The cat is under the chair. ______ is hiding there.,,,,,It,FillBlank,,
F_ENG_L105_Q1058,105,Fill in the Blank : Pronoun,My friends invited me to the picnic. ______ are very kind.,,,,,They,FillBlank,,
F_ENG_L105_Q1059,105,Fill in the Blank : Pronoun,Lisa is reading a novel. ______ loves reading books.,,,,,She,FillBlank,,
F_ENG_L105_Q1060,105,Fill in the Blank : Pronoun,The students are taking an exam. ______ are very focused.,,,,,They,FillBlank,,
F_ENG_L105_Q1061,105,Fill in the Blank : Pronoun,David and I are working on a project. ______ will finish it soon.,,,,,We,FillBlank,,
F_ENG_L106_Q1062,106,Fill in the Blank : Pronoun,The bird is building a nest. ______ works hard every day.,,,,,It,FillBlank,,
F_ENG_L106_Q1063,106,Fill in the Blank : Pronoun,My uncle lives in Dhaka. ______ works in a bank.,,,,,He,FillBlank,,
F_ENG_L106_Q1064,106,Fill in the Blank : Pronoun,Emma is an excellent singer. ______ performs on stage often.,,,,,She,FillBlank,,
F_ENG_L106_Q1065,106,Fill in the Blank : Pronoun,The children are playing in the field. ______ are having fun.,,,,,They,FillBlank,,
F_ENG_L106_Q1066,106,Fill in the Blank : Pronoun,You and I are good friends. ______ help each other.,,,,,We,FillBlank,,
F_ENG_L106_Q1067,106,Fill in the Blank : Pronoun,Mrs. Khan teacher entered the classroom. ______ greeted the students.,,,,,She,FillBlank,,
F_ENG_L106_Q1068,106,Fill in the Blank : Pronoun,My grandparents live in a village. ______ enjoy a peaceful life.,,,,,They,FillBlank,,
F_ENG_L106_Q1069,106,Fill in the Blank : Pronoun,The airplane is flying high in the sky. ______ will land soon.,,,,,It,FillBlank,,
F_ENG_L106_Q1070,106,Fill in the Blank : Pronoun,Jack and Peter play cricket every weekend. ______ are very talented.,,,,,They,FillBlank,,
F_ENG_L106_Q1071,106,Fill in the Blank : Pronoun,I have a pet rabbit. ______ loves eating carrots.,,,,,It,FillBlank,,
F_ENG_L107_Q1072,107,Fill in the Blank : Pronoun,Sophia is studying for her exam. ______ wants to get good grades.,,,,,She,FillBlank,,
F_ENG_L107_Q1073,107,Fill in the Blank : Pronoun,My brother and I went shopping. ______ bought some clothes.,,,,,We,FillBlank,,
F_ENG_L107_Q1074,107,Fill in the Blank : Pronoun,The computer is not working. ______ needs to be repaired.,,,,,It,FillBlank,,
F_ENG_L107_Q1075,107,Fill in the Blank : Pronoun,The boys are swimming in the river. ______ are enjoying the water.,,,,,They,FillBlank,,
F_ENG_L107_Q1076,107,Fill in the Blank : Pronoun,Mr. Hasan is our principal. ______ is very kind.,,,,,He,FillBlank,,
F_ENG_L107_Q1077,107,Fill in the Blank : Pronoun,The train arrived at the station. ______ was ten minutes late.,,,,,It,FillBlank,,
F_ENG_L107_Q1078,107,Fill in the Blank : Pronoun,My sister loves painting. ______ creates beautiful artwork.,,,,,She,FillBlank,,
F_ENG_L107_Q1079,107,Fill in the Blank : Pronoun,You have solved the problem correctly. ______ are very smart.,,,,,You,FillBlank,,
F_ENG_L107_Q1080,107,Fill in the Blank : Pronoun,The cows are grazing in the field. ______ look healthy.,,,,,They,FillBlank,,
F_ENG_L107_Q1081,107,Fill in the Blank : Pronoun,Daniel is reading a newspaper. ______ wants to know the latest news.,,,,,He,FillBlank,,
F_ENG_L108_Q1082,108,Fill in the Blank : Pronoun,The mobile phone is on the table. ______ belongs to my father.,,,,,It,FillBlank,,
F_ENG_L108_Q1083,108,Fill in the Blank : Pronoun,Mary and Anna are singing together. ______ sound wonderful.,,,,,They,FillBlank,,
F_ENG_L108_Q1084,108,Fill in the Blank : Pronoun,I am learning English grammar. ______ practice every day.,,,,,I,FillBlank,,
F_ENG_L108_Q1085,108,Fill in the Blank : Pronoun,The horse is running very fast. ______ is winning the race.,,,,,It,FillBlank,,
F_ENG_L108_Q1086,108,Fill in the Blank : Pronoun,My cousins came to visit us yesterday. ______ stayed for two days.,,,,,They,FillBlank,,
F_ENG_L108_Q1087,108,Fill in the Blank : Pronoun,Dr. Rahman checked the patient carefully. ______ prescribed some medicine.,,,,,He,FillBlank,,
F_ENG_L108_Q1088,108,Fill in the Blank : Pronoun,The lamp is very bright. ______ lights up the whole room.,,,,,It,FillBlank,,
F_ENG_L108_Q1089,108,Fill in the Blank : Pronoun,Emma and I are preparing for the competition. ______ hope to win.,,,,,We,FillBlank,,
F_ENG_L108_Q1090,108,Fill in the Blank : Pronoun,The monkey climbed the tree quickly. ______ was looking for fruit.,,,,,It,FillBlank,,
F_ENG_L108_Q1091,108,Fill in the Blank : Pronoun,The girls are practicing dance. ______ will perform tomorrow.,,,,,They,FillBlank,,
F_ENG_L109_Q1092,109,Fill in the Blank : Pronoun,The baby is crying loudly. ______ is hungry.,,,,,It,FillBlank,,
F_ENG_L109_Q1093,109,Fill in the Blank : Pronoun,My parents are watching television. ______ are relaxing after dinner.,,,,,They,FillBlank,,
F_ENG_L109_Q1094,109,Fill in the Blank : Pronoun,Ali is my neighbor. ______ helps everyone in the community.,,,,,He,FillBlank,,
F_ENG_L109_Q1095,109,Fill in the Blank : Pronoun,The birds are flying south for the winter. ______ travel long distances.,,,,,They,FillBlank,,
F_ENG_L109_Q1096,109,Fill in the Blank : Pronoun,The bicycle is new. ______ belongs to my brother.,,,,,It,FillBlank,,
F_ENG_L109_Q1097,109,Fill in the Blank : Pronoun,Sara is a talented artist. ______ paints beautiful pictures.,,,,,She,FillBlank,,
F_ENG_L109_Q1098,109,Fill in the Blank : Pronoun,You and your brother are very helpful. ______ always assist others.,,,,,You,FillBlank,,
F_ENG_L109_Q1099,109,Fill in the Blank : Pronoun,The children are reading storybooks. ______ enjoy fairy tales.,,,,,They,FillBlank,,
F_ENG_L109_Q1100,109,Fill in the Blank : Pronoun,My uncle is a farmer. ______ grows vegetables and fruits.,,,,,He,FillBlank,,
F_ENG_L109_Q1101,109,Fill in the Blank : Pronoun,The clock stopped working. ______ needs a new battery.,,,,,It,FillBlank,,
F_ENG_L110_Q1102,110,Fill in the Blank : Pronoun,Mina and I are classmates. ______ sit in the same row.,,,,,We,FillBlank,,
F_ENG_L110_Q1103,110,Fill in the Blank : Pronoun,The elephant is the largest land animal. ______ has a long trunk.,,,,,It,FillBlank,,
F_ENG_L110_Q1104,110,Fill in the Blank : Pronoun,My aunt teaches English. ______ works at a high school.,,,,,She,FillBlank,,
F_ENG_L110_Q1105,110,Fill in the Blank : Pronoun,The players are warming up before the match. ______ look excited.,,,,,They,FillBlank,,
F_ENG_L110_Q1106,110,Fill in the Blank : Pronoun,I enjoy solving puzzles. ______ find them interesting.,,,,,I,FillBlank,,
F_ENG_L110_Q1107,110,Fill in the Blank : Pronoun,The fish is swimming in the pond. ______ looks colorful.,,,,,It,FillBlank,,
F_ENG_L110_Q1108,110,Fill in the Blank : Pronoun,Rahim and Karim are brothers. ______ study in the same school.,,,,,They,FillBlank,,
F_ENG_L110_Q1109,110,Fill in the Blank : Pronoun,Mr. Ali parked the bus. ______ checked the engine afterward.,,,,,He,FillBlank,,
F_ENG_L110_Q1110,110,Fill in the Blank : Pronoun,The flowers in the garden are blooming. ______ smell wonderful.,,,,,They,FillBlank,,
F_ENG_L110_Q1111,110,Fill in the Blank : Pronoun,Nina is preparing breakfast. ______ woke up early this morning.,,,,,She,FillBlank,,
F_ENG_L111_Q1112,111,Fill in the Blank : Describing Words,The lion has a thick mane. (Find all Describing words),,,,,thick,FillBlank,,
F_ENG_L111_Q1113,111,Fill in the Blank : Describing Words,The huge elephant waved its trunk. (Find all Describing words),,,,,huge,FillBlank,,
F_ENG_L111_Q1114,111,Fill in the Blank : Describing Words,I wrote with a blunt pencil. (Find all Describing words),,,,,blunt,FillBlank,,
F_ENG_L111_Q1115,111,Fill in the Blank : Describing Words,Mother cuts vegetables with a sharp knife. (Find all Describing words),,,,,sharp,FillBlank,,
F_ENG_L111_Q1116,111,Fill in the Blank : Describing Words,The boy climbed up a tall tree. (Find all Describing words),,,,,tall,FillBlank,,
F_ENG_L111_Q1117,111,Fill in the Blank : Describing Words,Niti is a clever girl. (Find all Describing words),,,,,clever,FillBlank,,
F_ENG_L111_Q1118,111,Fill in the Blank : Describing Words,Amit is my best friend. (Find all Describing words),,,,,best,FillBlank,,
F_ENG_L111_Q1119,111,Fill in the Blank : Describing Words,The young man swam across the big lake. (Find all Describing words),,,,,big,FillBlank,,
F_ENG_L111_Q1120,111,Fill in the Blank : Describing Words,Lisa wore a pink dress. (Find all Describing words),,,,,pink,FillBlank,,
F_ENG_L111_Q1121,111,Fill in the Blank : Describing Words,Hasan sat on a low chair. (Find all Describing words),,,,,low,FillBlank,,
F_ENG_L112_Q1122,112,Fill in the Blank : Describing Words,There was a high wall all around the garden. (Find all Describing words),,,,,high,FillBlank,,
F_ENG_L112_Q1123,112,Fill in the Blank : Describing Words,Adnan drives a red car. (Find all Describing words),,,,,red,FillBlank,,
F_ENG_L112_Q1124,112,Fill in the Blank : Describing Words,The big house stood on a hill. (Find all Describing words),,,,,big,FillBlank,,
F_ENG_L112_Q1125,112,Fill in the Blank : Describing Words,Robin had a bowl of hot soup. (Find all Describing words),,,,,hot,FillBlank,,
F_ENG_L112_Q1126,112,Fill in the Blank : Describing Words,The monkey is a clever animal. (Find all Describing words),,,,,clever,FillBlank,,
F_ENG_L112_Q1127,112,Fill in the Blank : Describing Words,Arman is a tall boy. (Find all Describing words),,,,,tall,FillBlank,,
F_ENG_L112_Q1128,112,Fill in the Blank : Describing Words,The little puppy licked Niti's hand. (Find all Describing words),,,,,little,FillBlank,,
F_ENG_L112_Q1129,112,Fill in the Blank : Describing Words,He dived into the cold water. (Find all Describing words),,,,,cold,FillBlank,,
F_ENG_L112_Q1130,112,Fill in the Blank : Describing Words,Mother cuts vegetables with a sharp knife. (Find all Describing words),,,,,sharp,FillBlank,,
F_ENG_L112_Q1131,112,Fill in the Blank : Describing Words,Adnan drives a red car. (Find all Describing words),,,,,red,FillBlank,,
F_ENG_L113_Q1132,113,Part of Speech: Practice 1,A pronoun is used instead of a _____ Word.,,,,,Naming,FillBlank,,
F_ENG_L113_Q1133,113,Part of Speech: Practice 1,"Replace the Naming Word: ""The children are laughing."" ? _____ are laughing.",,,,,They,FillBlank,,
F_ENG_L113_Q1134,113,Part of Speech: Practice 1,I like apples _____ oranges.,,,,,and,FillBlank,,
F_ENG_L113_Q1135,113,Part of Speech: Practice 1,"Rina was tired, _____ she finished her homework.",,,,,but,FillBlank,,
F_ENG_L113_Q1136,113,Part of Speech: Practice 1,"Hurry up, _____ you will miss the bus.",,,,,or,FillBlank,,
F_ENG_L113_Q1137,113,Part of Speech: Practice 1,I stayed inside _____ it was raining.,,,,,because,FillBlank,,
F_ENG_L113_Q1138,113,Part of Speech: Practice 1,You can have tea _____ coffee.,,,,,or,FillBlank,,
F_ENG_L113_Q1139,113,Part of Speech: Practice 1,Karim and Rahim are brothers. (Pick out the Conjunction),,,,,and,FillBlank,,
F_ENG_L113_Q1140,113,Part of Speech: Practice 1,"I wanted to play, _____ it was too late.",,,,,but,FillBlank,,
F_ENG_L113_Q1141,113,Part of Speech: Practice 1,She smiled _____ waved at me.,,,,,and,FillBlank,,
F_ENG_L114_Q1142,114,Part of Speech: Practice 1,We stayed home _____ the weather was bad.,,,,,because,FillBlank,,
F_ENG_L114_Q1143,114,Part of Speech: Practice 1,Eat your vegetables _____ you will not get dessert.,,,,,or,FillBlank,,
F_ENG_L114_Q1144,114,Part of Speech: Practice 1,"Which word is a Conjunction? (and, cat, jump, blue)",,,,,and,FillBlank,,
F_ENG_L114_Q1145,114,Part of Speech: Practice 1,"Which word is a Conjunction? (because, pencil, run, happy)",,,,,because,FillBlank,,
F_ENG_L114_Q1146,114,Part of Speech: Practice 1,I have a dog _____ a cat.,,,,,and,FillBlank,,
F_ENG_L114_Q1147,114,Part of Speech: Practice 1,He is small _____ strong.,,,,,but,FillBlank,,
F_ENG_L114_Q1148,114,Part of Speech: Practice 1,Would you like juice _____ milk?,,,,,or,FillBlank,,
F_ENG_L114_Q1149,114,Part of Speech: Practice 1,She was absent _____ she was sick.,,,,,because,FillBlank,,
F_ENG_L114_Q1150,114,Part of Speech: Practice 1,The boy ran fast _____ won the race.,,,,,and,FillBlank,,
F_ENG_L114_Q1151,114,Part of Speech: Practice 1,"I knocked on the door, _____ nobody answered.",,,,,but,FillBlank,,
F_ENG_L115_Q1152,115,Part of Speech: Practice 1,Wear a coat _____ it is cold outside.,,,,,because,FillBlank,,
F_ENG_L115_Q1153,115,Part of Speech: Practice 1,Study hard _____ you can do well in the exam.,,,,,and,FillBlank,,
F_ENG_L115_Q1154,115,Part of Speech: Practice 1,"Pick out the Conjunction: ""I was hungry, so I ate lunch.""",,,,,so,FillBlank,,
F_ENG_L115_Q1155,115,Part of Speech: Practice 1,"Pick out the Conjunction: ""Tom and Jerry are friends.""",,,,,and,FillBlank,,
F_ENG_L115_Q1156,115,Part of Speech: Practice 1,"Pick out the Conjunction: ""She was tired but happy.""",,,,,but,FillBlank,,
F_ENG_L115_Q1157,115,Part of Speech: Practice 1,A conjunction joins _____ or groups of words.,,,,,words,FillBlank,,
F_ENG_L115_Q1158,115,Part of Speech: Practice 1,We went to the park _____ played football.,,,,,and,FillBlank,,
F_ENG_L115_Q1159,115,Part of Speech: Practice 1,Rina and Mina are best friends. (Pick out the Conjunction),,,,,and,FillBlank,,
F_ENG_L115_Q1160,115,Part of Speech: Practice 1,"I was hungry, so I ate a sandwich. (Pick out the Conjunction)",,,,,so,FillBlank,,
F_ENG_L115_Q1161,115,Part of Speech: Practice 1,The boy was tired but happy. (Pick out the Conjunction),,,,,but,FillBlank,,
F_ENG_L116_Q1162,116,Part of Speech: Practice 1,Would you like tea or coffee? (Pick out the Conjunction),,,,,or,FillBlank,,
F_ENG_L116_Q1163,116,Part of Speech: Practice 1,We stayed inside because it was raining. (Pick out the Conjunction),,,,,because,FillBlank,,
F_ENG_L116_Q1164,116,Part of Speech: Practice 1,Tom and Jerry played in the garden. (Pick out the Conjunction),,,,,and,FillBlank,,
F_ENG_L116_Q1165,116,Part of Speech: Practice 1,"She studied hard, so she passed the test. (Pick out the Conjunction)",,,,,so,FillBlank,,
F_ENG_L116_Q1166,116,Part of Speech: Practice 1,Karim is young but very smart. (Pick out the Conjunction),,,,,but,FillBlank,,
F_ENG_L116_Q1167,116,Part of Speech: Practice 1,Do you want a pencil or a pen? (Pick out the Conjunction),,,,,or,FillBlank,,
F_ENG_L116_Q1168,116,Part of Speech: Practice 1,The match was cancelled because the field was wet. (Pick out the Conjunction),,,,,because,FillBlank,,
F_ENG_L116_Q1169,116,Part of Speech: Practice 1,Ali and Hasan went to school together. (Pick out the Conjunction),,,,,and,FillBlank,,
F_ENG_L116_Q1170,116,Part of Speech: Practice 1,"The cat was sleepy, so it curled up on the sofa. (Pick out the Conjunction)",,,,,so,FillBlank,,
F_ENG_L116_Q1171,116,Part of Speech: Practice 1,The cake looked delicious but tasted salty. (Pick out the Conjunction),,,,,but,FillBlank,,
F_ENG_L117_Q1172,117,Part of Speech: Practice 1,You may sit here or stand near the door. (Pick out the Conjunction),,,,,or,FillBlank,,
F_ENG_L117_Q1173,117,Part of Speech: Practice 1,We left early because the road was crowded. (Pick out the Conjunction),,,,,because,FillBlank,,
F_ENG_L117_Q1174,117,Part of Speech: Practice 1,My brother and sister help me with homework. (Pick out the Conjunction),,,,,and,FillBlank,,
F_ENG_L117_Q1175,117,Part of Speech: Practice 1,"It was getting dark, so we went home. (Pick out the Conjunction)",,,,,so,FillBlank,,
F_ENG_L117_Q1176,117,Part of Speech: Practice 1,She is small but very brave. (Pick out the Conjunction),,,,,but,FillBlank,,
F_ENG_L117_Q1177,117,Part of Speech: Practice 1,Would you like an apple or a banana? (Pick out the Conjunction),,,,,or,FillBlank,,
F_ENG_L117_Q1178,117,Part of Speech: Practice 1,He wore a jacket because it was cold. (Pick out the Conjunction),,,,,because,FillBlank,,
F_ENG_L117_Q1179,117,Part of Speech: Practice 1,The teacher and the students visited the museum. (Pick out the Conjunction),,,,,and,FillBlank,,
F_ENG_L117_Q1180,117,Part of Speech: Practice 1,"The bus was late, so we waited patiently. (Pick out the Conjunction)",,,,,so,FillBlank,,
F_ENG_L117_Q1181,117,Part of Speech: Practice 1,The book was old but interesting. (Pick out the Conjunction),,,,,but,FillBlank,,
F_ENG_L118_Q1182,118,Pronoun: Revision 1,Rina is my friend. _____ is very kind.,,,,,She,FillBlank,,
F_ENG_L118_Q1183,118,Pronoun: Revision 1,Karim has a bicycle. _____ rides it every day.,,,,,He,FillBlank,,
F_ENG_L118_Q1184,118,Pronoun: Revision 1,My cat is sleeping. _____ is under the table.,,,,,It,FillBlank,,
F_ENG_L118_Q1185,118,Pronoun: Revision 1,Ali and I are classmates. _____ study together.,,,,,We,FillBlank,,
F_ENG_L118_Q1186,118,Pronoun: Revision 1,Rupa and Sima are sisters. _____ play together.,,,,,They,FillBlank,,
F_ENG_L118_Q1187,118,Pronoun: Revision 1,_____ am going to school now.,,,,,I,FillBlank,,
F_ENG_L118_Q1188,118,Pronoun: Revision 1,Can _____ help me carry this bag? (talking to one friend),,,,,you,FillBlank,,
F_ENG_L118_Q1189,118,Pronoun: Revision 1,The dog is barking because _____ is hungry.,,,,,it,FillBlank,,
F_ENG_L118_Q1190,118,Pronoun: Revision 1,My parents are at home. _____ are watching TV.,,,,,They,FillBlank,,
F_ENG_L118_Q1191,118,Pronoun: Revision 1,Sara is reading a book. _____ likes reading.,,,,,She,FillBlank,,
F_ENG_L119_Q1192,119,Pronoun: Revision 1,"Replace the Naming Word: ""Tom is playing football."" ? _____ is playing football.",,,,,He,FillBlank,,
F_ENG_L119_Q1193,119,Pronoun: Revision 1,"Replace the Naming Word: ""The bird is flying."" ? _____ is flying.",,,,,It,FillBlank,,
F_ENG_L119_Q1194,119,Pronoun: Revision 1,"Replace the Naming Words: ""Rina and Mina are singing."" ? _____ are singing.",,,,,They,FillBlank,,
F_ENG_L119_Q1195,119,Pronoun: Revision 1,"Which word is a Pronoun? (cat, he, run, happy)",,,,,he,FillBlank,,
F_ENG_L119_Q1196,119,Pronoun: Revision 1,"Which word is a Pronoun? (book, they, jump, red)",,,,,they,FillBlank,,
F_ENG_L119_Q1197,119,Pronoun: Revision 1,_____ are my best friends. (talking about several boys),,,,,They,FillBlank,,
F_ENG_L119_Q1198,119,Pronoun: Revision 1,My brother is tall. _____ plays basketball.,,,,,He,FillBlank,,
F_ENG_L119_Q1199,119,Pronoun: Revision 1,Nila and I went to the zoo. _____ saw many animals.,,,,,We,FillBlank,,
F_ENG_L119_Q1200,119,Pronoun: Revision 1,_____ are a good student. (talking to one student),,,,,You,FillBlank,,
F_ENG_L119_Q1201,119,Pronoun: Revision 1,"Pick out the Pronoun: ""She is drawing a picture.""",,,,,She,FillBlank,,
F_ENG_L120_Q1202,120,Articles: Revision 1,_____ old man opened the door.,,,,,an,FillBlank,,
F_ENG_L120_Q1203,120,Articles: Revision 1,"Ruby put _____ open book on her lap, but she was not reading it.",,,,,an,FillBlank,,
F_ENG_L120_Q1204,120,Articles: Revision 1,The pig has ____ curly tail.,,,,,a,FillBlank,,
F_ENG_L120_Q1205,120,Articles: Revision 1,I saw ____ elephant at the zoo.,,,,,an,FillBlank,,
F_ENG_L120_Q1206,120,Articles: Revision 1,She found ____ coin on the road.,,,,,a,FillBlank,,
F_ENG_L120_Q1207,120,Articles: Revision 1,There is ____ umbrella near the door.,,,,,an,FillBlank,,
F_ENG_L120_Q1208,120,Articles: Revision 1,____ ant carried food to its nest.,,,,,an,FillBlank,,
F_ENG_L120_Q1209,120,Articles: Revision 1,Father drove ____ car to work.,,,,,a,FillBlank,,
F_ENG_L120_Q1210,120,Articles: Revision 1,We stayed in ____ hotel near the beach.,,,,,a,FillBlank,,
F_ENG_L120_Q1211,120,Articles: Revision 1,____ eagle flew high in the sky.,,,,,an,FillBlank,,
F_ENG_L121_Q1212,121,Articles: Revision 1,The farmer bought ____ ox for his field.,,,,,an,FillBlank,,
F_ENG_L121_Q1213,121,Articles: Revision 1,Rahul wants to become ____ engineer when he grows up.,,,,,an,FillBlank,,
F_ENG_L121_Q1214,121,Articles: Revision 1,I saw ____ apple on the table.,,,,,an,FillBlank,,
F_ENG_L121_Q1215,121,Articles: Revision 1,Rahul found ____ egg in the nest.,,,,,an,FillBlank,,
F_ENG_L121_Q1216,121,Articles: Revision 1,We bought ____ kite from the shop.,,,,,a,FillBlank,,
F_ENG_L121_Q1217,121,Articles: Revision 1,There was ____ elephant near the river.,,,,,an,FillBlank,,
F_ENG_L121_Q1218,121,Articles: Revision 1,Mother gave me ____ umbrella for the rain.,,,,,an,FillBlank,,
F_ENG_L121_Q1219,121,Articles: Revision 1,The boy kicked ____ ball across the field.,,,,,a,FillBlank,,
F_ENG_L121_Q1220,121,Articles: Revision 1,I ate ____ orange after dinner.,,,,,an,FillBlank,,
F_ENG_L121_Q1221,121,Articles: Revision 1,We saw ____ monkey in the tree.,,,,,a,FillBlank,,
F_ENG_L122_Q1222,122,Articles: Revision 1,He picked up ____ onion from the basket.,,,,,an,FillBlank,,
F_ENG_L122_Q1223,122,Articles: Revision 1,The farmer owns ____ cow.,,,,,a,FillBlank,,
F_ENG_L122_Q1224,122,Articles: Revision 1,She wrote with ____ ink pen.,,,,,an,FillBlank,,
F_ENG_L122_Q1225,122,Articles: Revision 1,They built ____ sandcastle on the beach.,,,,,a,FillBlank,,
F_ENG_L122_Q1226,122,Articles: Revision 1,I saw ____ eagle flying in the sky.,,,,,an,FillBlank,,
F_ENG_L122_Q1227,122,Articles: Revision 1,He carried ____ bag to school.,,,,,a,FillBlank,,
F_ENG_L122_Q1228,122,Articles: Revision 1,We planted ____ oak tree in the garden.,,,,,an,FillBlank,,
F_ENG_L122_Q1229,122,Articles: Revision 1,She found ____ doll under the bed.,,,,,a,FillBlank,,
F_ENG_L122_Q1230,122,Articles: Revision 1,There was ____ insect on the leaf.,,,,,an,FillBlank,,
F_ENG_L122_Q1231,122,Articles: Revision 1,The girl wore ____ hat at the picnic.,,,,,a,FillBlank,,
F_ENG_L123_Q1232,123,Articles: Revision 1,I saw ____ octopus in the aquarium.,,,,,an,FillBlank,,
F_ENG_L123_Q1233,123,Articles: Revision 1,He opened ____ book and started reading.,,,,,a,FillBlank,,
F_ENG_L123_Q1234,123,Articles: Revision 1,We heard ____ owl hooting at night.,,,,,an,FillBlank,,
F_ENG_L123_Q1235,123,Articles: Revision 1,She bought ____ toy for her brother.,,,,,a,FillBlank,,
F_ENG_L123_Q1236,123,Articles: Revision 1,There was ____ ant crawling on the wall.,,,,,an,FillBlank,,
F_ENG_L123_Q1237,123,Articles: Revision 1,We planted ____ oak tree in the garden.,,,,,an,FillBlank,,
F_ENG_L123_Q1238,123,Articles: Revision 1,He saw ____ eagle flying high in the sky.,,,,,an,FillBlank,,
F_ENG_L123_Q1239,123,Articles: Revision 1,She baked ____ cake for the party.,,,,,a,FillBlank,,
F_ENG_L123_Q1240,123,Articles: Revision 1,We visited ____ Taj Mahal last summer.,,,,,the,FillBlank,,
F_ENG_L123_Q1241,123,Articles: Revision 1,He bought ____ umbrella because it was raining.,,,,,an,FillBlank,,
