id,Level,TopicHeading,Question,Option1,Option2,Option3,Option4,Correct_Option,QuestionType,QuestionData,PassageId,Subscription
E_SCI_L001_Q001,1,Amazing Plants,A plant needs water to grow.,TRUE,FALSE,,,TRUE,MCQ,,,
E_SCI_L001_Q002,1,Amazing Plants,Roots grow above the ground.,TRUE,FALSE,,,FALSE,MCQ,,,
E_SCI_L001_Q003,1,Amazing Plants,Do leaves make food for the plant?,Yes,No,,,Yes,MCQ,,,
E_SCI_L001_Q004,1,Amazing Plants,Which part of a plant absorbs water from the soil?,Root,Leaf,Flower,,Root,MCQ,,,
E_SCI_L001_Q005,1,Amazing Plants,Which part of a plant usually has colorful petals?,Stem,Flower,Root,,Flower,MCQ,,,
E_SCI_L001_Q006,1,Amazing Plants,Which part carries water from the roots to the leaves?,Stem,Fruit,Seed,Leaf,Stem,MCQ,,,
E_SCI_L001_Q007,1,Amazing Plants,Which part contains seeds?,Leaf,Stem,Root,Fruit,Fruit,MCQ,,,
E_SCI_L001_Q008,1,Amazing Plants,Which part makes food using sunlight?,Leaf,Flower,Root,Seed,Leaf,MCQ,,,
E_SCI_L001_Q009,1,Amazing Plants,Match the plant parts with their jobs.,,,,,,Match,"[{""left"":""Root"",""right"":""Absorbs water""},{""left"":""Leaf"",""right"":""Makes food""},{""left"":""Flower"",""right"":""Makes seeds""},{""left"":""Stem"",""right"":""Supports plant""}]",,
E_SCI_L001_Q010,1,Amazing Plants,Match the plant parts with what they do.,,,,,,Match,"[{""left"":""Root"",""right"":""Holds the plant""},{""left"":""Stem"",""right"":""Carries water""},{""left"":""Leaf"",""right"":""Uses sunlight""},{""left"":""Fruit"",""right"":""Protects seeds""}]",,
E_SCI_L002_Q011,2,Amazing Plants,Plants grow from seeds.,TRUE,FALSE,,,TRUE,MCQ,,,
E_SCI_L002_Q012,2,Amazing Plants,A seed grows into a flower first.,TRUE,FALSE,,,FALSE,MCQ,,,
E_SCI_L002_Q013,2,Amazing Plants,Does a seed need water to grow?,Yes,No,,,Yes,MCQ,,,
E_SCI_L002_Q014,2,Amazing Plants,What is the first stage of a plant's life cycle?,Seed,Flower,Fruit,,Seed,MCQ,,,
E_SCI_L002_Q015,2,Amazing Plants,What grows out of a seed first?,Root,Leaf,Flower,,Root,MCQ,,,
E_SCI_L002_Q016,2,Amazing Plants,Which comes after the seedling stage?,Fruit,Root,Adult Plant,Seed,Adult Plant,MCQ,,,
E_SCI_L002_Q017,2,Amazing Plants,Which part of a mature plant makes seeds?,Leaf,Flower,Stem,Root,Flower,MCQ,,,
E_SCI_L002_Q018,2,Amazing Plants,Which of these is the last stage in the simple plant life cycle?,Seedling,Fruit,Root,Seed,Fruit,MCQ,,,
E_SCI_L002_Q019,2,Amazing Plants,Match the stages of a plant life cycle.,,,,,,Match,"[{""left"":""Seed"",""right"":""Beginning of a new plant""},{""left"":""Seedling"",""right"":""Young plant""},{""left"":""Adult Plant"",""right"":""Produces flowers""},{""left"":""Fruit"",""right"":""Contains seeds""}]",,
E_SCI_L002_Q020,2,Amazing Plants,Match the plant stage with its description.,,,,,,Match,"[{""left"":""Seed"",""right"":""Needs water to grow""},{""left"":""Root"",""right"":""Absorbs water""},{""left"":""Flower"",""right"":""Makes seeds""},{""left"":""Fruit"",""right"":""Protects the seeds""}]",,
E_SCI_L003_Q021,3,Amazing Plants,Some seeds are carried by the wind.,TRUE,FALSE,,,TRUE,MCQ,,,
E_SCI_L003_Q022,3,Amazing Plants,All seeds fall and grow in the same place.,TRUE,FALSE,,,FALSE,MCQ,,,
E_SCI_L003_Q023,3,Amazing Plants,Can animals help spread seeds?,Yes,No,,,Yes,MCQ,,,
E_SCI_L003_Q024,3,Amazing Plants,Which of these can carry seeds to new places?,Wind,Rock,Chair,,Wind,MCQ,,,
E_SCI_L003_Q025,3,Amazing Plants,Which animal may carry seeds on its fur?,Dog,Fish,Whale,,Dog,MCQ,,,
E_SCI_L003_Q026,3,Amazing Plants,Which plant has seeds that can float on water?,Grass,Mango,Rose,Coconut,Coconut,MCQ,,,
E_SCI_L003_Q027,3,Amazing Plants,Which helps a dandelion seed travel?,Snow,Stone,Fire,Wind,Wind,MCQ,,,
E_SCI_L003_Q028,3,Amazing Plants,Why do plants spread seeds?,New places,Change color,Make noise,Sleep,New places,MCQ,,,
E_SCI_L003_Q029,3,Amazing Plants,Match the seed dispersal method with the example.,,,,,,Match,"[{""left"":""Wind"",""right"":""Dandelion""},{""left"":""Water"",""right"":""Coconut""},{""left"":""Animals"",""right"":""Seeds stick to fur""},{""left"":""Explosion"",""right"":""Pea pod""}]",,
E_SCI_L003_Q030,3,Amazing Plants,Match the seed with how it travels.,,,,,,Match,"[{""left"":""Coconut"",""right"":""Water""},{""left"":""Dandelion"",""right"":""Wind""},{""left"":""Burdock"",""right"":""Animal fur""},{""left"":""Pea"",""right"":""Bursting pod""}]",,
E_SCI_L004_Q031,4,Amazing Plants,We get fruits from many plants.,TRUE,FALSE,,,TRUE,MCQ,,,
E_SCI_L004_Q032,4,Amazing Plants,Wood comes from plastic.,TRUE,FALSE,,,FALSE,MCQ,,,
E_SCI_L004_Q033,4,Amazing Plants,Do we get cotton from plants?,Yes,No,,,Yes,MCQ,,,
E_SCI_L004_Q034,4,Amazing Plants,Which plant gives us rice?,Mango Tree,Rose Plant,Pine Tree,Rice Plant,Rice Plant,MCQ,,,
E_SCI_L004_Q035,4,Amazing Plants,Which of these is a fruit plant?,Fern,Mango Tree,Grass,Rose Plant,Mango Tree,MCQ,,,
E_SCI_L004_Q036,4,Amazing Plants,Which plant is used to make paper?,Bamboo,Lotus,Sunflower,Cactus,Bamboo,MCQ,,,
E_SCI_L004_Q037,4,Amazing Plants,Which plant gives us cotton to make clothes?,Coconut Tree,Rose Plant,Apple Tree,Cotton Plant,Cotton Plant,MCQ,,,
E_SCI_L004_Q038,4,Amazing Plants,Which plant gives us cooking oil?,Fern,Rose,Moss,Sunflower,Sunflower,MCQ,,,
E_SCI_L004_Q039,4,Amazing Plants,Match the plant with what we get from it.,,,,,,Match,"[{""left"":""Mango Tree"",""right"":""Mango""},{""left"":""Cotton Plant"",""right"":""Cotton""},{""left"":""Bamboo"",""right"":""Paper""},{""left"":""Sunflower"",""right"":""Cooking oil""}]",,
E_SCI_L004_Q040,4,Amazing Plants,Match the plant to its use.,,,,,,Match,"[{""left"":""Rice Plant"",""right"":""Rice""},{""left"":""Rubber Tree"",""right"":""Rubber""},{""left"":""Tea Plant"",""right"":""Tea leaves""},{""left"":""Sugarcane"",""right"":""Sugar""}]",,
E_SCI_L005_Q041,5,Amazing Plants,Cactus plants can live in the desert.,TRUE,FALSE,,,TRUE,MCQ,,,
E_SCI_L005_Q042,5,Amazing Plants,Lotus plants grow best in dry sand.,TRUE,FALSE,,,FALSE,MCQ,,,
E_SCI_L005_Q043,5,Amazing Plants,Can water lilies grow in ponds?,Yes,No,,,Yes,MCQ,,,
E_SCI_L005_Q044,5,Amazing Plants,Which plant grows well in the desert?,Rice Plant,Cactus,Lotus,Rose,Cactus,MCQ,,,
E_SCI_L005_Q045,5,Amazing Plants,Which plant grows in water?,Cactus,Lotus,Pine Tree,Coconut Tree,Lotus,MCQ,,,
E_SCI_L005_Q046,5,Amazing Plants,Why does a cactus have thick stems?,To store water,To catch fish,To make flowers,To make fruit,To store water,MCQ,,,
E_SCI_L005_Q047,5,Amazing Plants,Which tree grows well in snowy places?,Coconut Tree,Mango Tree,Pine Tree,Banana Plant,Pine Tree,MCQ,,,
E_SCI_L005_Q048,5,Amazing Plants,Which plant is commonly found in a rainforest?,Cactus,Fern,Cotton Plant,Coconut Tree,Fern,MCQ,,,
E_SCI_L005_Q049,5,Amazing Plants,Match the plant with its habitat.,,,,,,Match,"[{""left"":""Cactus"",""right"":""Desert""},{""left"":""Lotus"",""right"":""Pond""},{""left"":""Pine Tree"",""right"":""Snowy Mountains""},{""left"":""Mangrove Tree"",""right"":""Coastal Swamp""}]",,
E_SCI_L005_Q050,5,Amazing Plants,Match the plant with its special feature.,,,,,,Match,"[{""left"":""Cactus"",""right"":""Stores water""},{""left"":""Lotus"",""right"":""Floats on water""},{""left"":""Pine Tree"",""right"":""Needle-like leaves""},{""left"":""Mangrove Tree"",""right"":""Roots above water""}]",,
E_SCI_L006_Q051,6,Amazing Plants: Review,Which part of a plant absorbs water from the soil?,Flower,Stem,Leaf,Root,Root,MCQ,,,
E_SCI_L006_Q052,6,Amazing Plants: Review,Coconut seeds can float on water.,TRUE,FALSE,,,TRUE,MCQ,,,
E_SCI_L006_Q053,6,Amazing Plants: Review,Do leaves use sunlight to make food?,Yes,No,,,Yes,MCQ,,,
E_SCI_L006_Q054,6,Amazing Plants: Review,Which plant grows well in the desert?,Lotus,Fern,Cactus,Rice Plant,Cactus,MCQ,,,
E_SCI_L006_Q055,6,Amazing Plants: Review,Which plant gives us cotton for making clothes?,Rose Plant,Mango Tree,Pine Tree,Cotton Plant,Cotton Plant,MCQ,,,
E_SCI_L006_Q056,6,Amazing Plants: Review,Which part of a mature plant makes seeds?,Root,Leaf,Stem,Flower,Flower,MCQ,,,
E_SCI_L006_Q057,6,Amazing Plants: Review,Why do plants spread seeds?,Make noise,Change color,Sleep,New places,New places,MCQ,,,
E_SCI_L006_Q058,6,Amazing Plants: Review,Which part of a plant contains seeds?,Leaf,Fruit,Root,Stem,Fruit,MCQ,,,
E_SCI_L006_Q059,6,Amazing Plants: Review,Match the plant with what we get from it.,,,,,,Match,"[{""left"":""Rice Plant"",""right"":""Rice""},{""left"":""Cotton Plant"",""right"":""Cotton""},{""left"":""Sunflower"",""right"":""Cooking oil""},{""left"":""Tea Plant"",""right"":""Tea leaves""}]",,
E_SCI_L006_Q060,6,Amazing Plants: Review,Match the plant with its habitat.,,,,,,Match,"[{""left"":""Cactus"",""right"":""Desert""},{""left"":""Lotus"",""right"":""Pond""},{""left"":""Pine Tree"",""right"":""Snowy Mountains""},{""left"":""Mangrove Tree"",""right"":""Coastal Swamp""}]",,
E_SCI_L007_Q061,7,Amazing Plants: Review,Plants grow from seeds.,TRUE,FALSE,,,TRUE,MCQ,,,
E_SCI_L007_Q062,7,Amazing Plants: Review,Roots grow above the ground.,TRUE,FALSE,,,FALSE,MCQ,,,
E_SCI_L007_Q063,7,Amazing Plants: Review,Can animals help spread seeds?,Yes,No,,,Yes,MCQ,,,
E_SCI_L007_Q064,7,Amazing Plants: Review,Which part carries water from the roots to the leaves?,Stem,Seed,Flower,Leaf,Stem,MCQ,,,
E_SCI_L007_Q065,7,Amazing Plants: Review,Which plant grows in water?,Lotus,Cotton Plant,Pine Tree,Cactus,Lotus,MCQ,,,
E_SCI_L007_Q066,7,Amazing Plants: Review,Which helps a dandelion seed travel?,Fire,Snow,Stone,Wind,Wind,MCQ,,,
E_SCI_L007_Q067,7,Amazing Plants: Review,Which plant is used to make paper?,Bamboo,Rose,Lotus,Cactus,Bamboo,MCQ,,,
E_SCI_L007_Q068,7,Amazing Plants: Review,Why does a cactus have thick stems?,To catch fish,To make flowers,To store water,To make fruit,To store water,MCQ,,,
E_SCI_L007_Q069,7,Amazing Plants: Review,Match the stages of a plant life cycle.,,,,,,Match,"[{""left"":""Seed"",""right"":""Beginning of a new plant""},{""left"":""Seedling"",""right"":""Young plant""},{""left"":""Adult Plant"",""right"":""Produces flowers""},{""left"":""Fruit"",""right"":""Contains seeds""}]",,
E_SCI_L007_Q070,7,Amazing Plants: Review,Match the seed with how it travels.,,,,,,Match,"[{""left"":""Coconut"",""right"":""Water""},{""left"":""Dandelion"",""right"":""Wind""},{""left"":""Burdock"",""right"":""Animal fur""},{""left"":""Pea"",""right"":""Bursting pod""}]",,
E_SCI_L008_Q071,8,Amazing Animals,A mammal feeds its babies with milk.,TRUE,FALSE,,,TRUE,MCQ,,,
E_SCI_L008_Q072,8,Amazing Animals,Birds have scales instead of feathers.,TRUE,FALSE,,,FALSE,MCQ,,,
E_SCI_L008_Q073,8,Amazing Animals,Can fish breathe underwater using gills?,Yes,No,,,Yes,MCQ,,,
E_SCI_L008_Q074,8,Amazing Animals,Which of these is a mammal?,Dog,Eagle,Snake,Frog,Dog,MCQ,,,
E_SCI_L008_Q075,8,Amazing Animals,Which of these is a bird?,Crocodile,Parrot,Shark,Tiger,Parrot,MCQ,,,
E_SCI_L008_Q076,8,Amazing Animals,Which of these is a fish?,Eagle,Rabbit,Lizard,Goldfish,Goldfish,MCQ,,,
E_SCI_L008_Q077,8,Amazing Animals,Which of these is a reptile?,Dolphin,Frog,Duck,Snake,Snake,MCQ,,,
E_SCI_L008_Q078,8,Amazing Animals,Which of these is an amphibian?,Parrot,Frog,Lion,Horse,Frog,MCQ,,,
E_SCI_L008_Q079,8,Amazing Animals,Match the animal group with the example.,,,,,,Match,"[{""left"":""Mammal"",""right"":""Elephant""},{""left"":""Bird"",""right"":""Eagle""},{""left"":""Fish"",""right"":""Goldfish""},{""left"":""Reptile"",""right"":""Snake""}]",,
E_SCI_L008_Q080,8,Amazing Animals,Match the animal with its body covering.,,,,,,Match,"[{""left"":""Tiger"",""right"":""Fur""},{""left"":""Duck"",""right"":""Feathers""},{""left"":""Snake"",""right"":""Scales""},{""left"":""Goldfish"",""right"":""Scales""}]",,
E_SCI_L009_Q081,9,Amazing Animals,A camel can live in the desert.,TRUE,FALSE,,,TRUE,MCQ,,,
E_SCI_L009_Q082,9,Amazing Animals,A polar bear lives in the hot desert.,TRUE,FALSE,,,FALSE,MCQ,,,
E_SCI_L009_Q083,9,Amazing Animals,Do herbivores eat plants?,Yes,No,,,Yes,MCQ,,,
E_SCI_L009_Q084,9,Amazing Animals,Which animal is a herbivore?,Eagle,Lion,Shark,Cow,Cow,MCQ,,,
E_SCI_L009_Q085,9,Amazing Animals,Which animal is a carnivore?,Rabbit,Deer,Tiger,Goat,Tiger,MCQ,,,
E_SCI_L009_Q086,9,Amazing Animals,Which animal is an omnivore?,Rabbit,Giraffe,Bear,Cow,Bear,MCQ,,,
E_SCI_L009_Q087,9,Amazing Animals,Where does a penguin usually live?,Rainforest,Cold regions,Desert,Grassland,Cold regions,MCQ,,,
E_SCI_L009_Q088,9,Amazing Animals,Which animal lives in the ocean?,Camel,Dolphin,Elephant,Wolf,Dolphin,MCQ,,,
E_SCI_L009_Q089,9,Amazing Animals,Match the animal with its habitat.,,,,,,Match,"[{""left"":""Camel"",""right"":""Desert""},{""left"":""Penguin"",""right"":""Cold Region""},{""left"":""Dolphin"",""right"":""Ocean""},{""left"":""Monkey"",""right"":""Forest""}]",,
E_SCI_L009_Q090,9,Amazing Animals,Match the animal with its food type.,,,,,,Match,"[{""left"":""Cow"",""right"":""Herbivore""},{""left"":""Lion"",""right"":""Carnivore""},{""left"":""Bear"",""right"":""Omnivore""},{""left"":""Rabbit"",""right"":""Herbivore""}]",,
E_SCI_L010_Q091,10,Amazing Animals,Plants are the first part of many food chains.,TRUE,FALSE,,,TRUE,MCQ,,,
E_SCI_L010_Q092,10,Amazing Animals,A lion eats grass.,TRUE,FALSE,,,FALSE,MCQ,,,
E_SCI_L010_Q093,10,Amazing Animals,Do rabbits eat plants?,Yes,No,,,Yes,MCQ,,,
E_SCI_L010_Q094,10,Amazing Animals,Which animal eats grass?,Eagle,Deer,Lion,Shark,Deer,MCQ,,,
E_SCI_L010_Q095,10,Amazing Animals,Which animal is a predator?,Cow,Rabbit,Tiger,Goat,Tiger,MCQ,,,
E_SCI_L010_Q096,10,Amazing Animals,Which animal is the prey in this food chain: Grass â†’ Rabbit â†’ Fox?,Fox,Eagle,Grass,Rabbit,Rabbit,MCQ,,,
E_SCI_L010_Q097,10,Amazing Animals,What is usually the first living thing in a food chain?,Hawk,Plant,Fox,Rabbit,Plant,MCQ,,,
E_SCI_L010_Q098,10,Amazing Animals,Which food chain is correct?,Fox â†’ Rabbit â†’ Grass,Rabbit â†’ Grass â†’ Fox,Grass â†’ Deer â†’ Tiger,Tiger â†’ Deer â†’ Grass,Grass â†’ Deer â†’ Tiger,MCQ,,,
E_SCI_L010_Q099,10,Amazing Animals,Match the animal with what it eats.,,,,,,Match,"[{""left"":""Cow"",""right"":""Grass""},{""left"":""Rabbit"",""right"":""Carrot""},{""left"":""Lion"",""right"":""Deer""},{""left"":""Eagle"",""right"":""Fish""}]",,
E_SCI_L010_Q100,10,Amazing Animals,Match the food chain parts.,,,,,,Match,"[{""left"":""Grass"",""right"":""Producer""},{""left"":""Rabbit"",""right"":""Primary Consumer""},{""left"":""Fox"",""right"":""Secondary Consumer""},{""left"":""Tiger"",""right"":""Top Predator""}]",,
E_SCI_L011_Q101,11,Amazing Animals,Camouflage helps animals hide from danger.,TRUE,FALSE,,,TRUE,MCQ,,,
E_SCI_L011_Q102,11,Amazing Animals,All animals stay in the same place throughout the year.,TRUE,FALSE,,,FALSE,MCQ,,,
E_SCI_L011_Q103,11,Amazing Animals,Do some birds migrate to warmer places in winter?,Yes,No,,,Yes,MCQ,,,
E_SCI_L011_Q104,11,Amazing Animals,Which animal changes its color to blend into its surroundings?,Horse,Elephant,Cow,Chameleon,Chameleon,MCQ,,,
E_SCI_L011_Q105,11,Amazing Animals,Which animal sleeps for a long time during winter?,Zebra,Monkey,Giraffe,Bear,Bear,MCQ,,,
E_SCI_L011_Q106,11,Amazing Animals,Which bird is famous for migrating long distances?,Swallow,Ostrich,Peacock,Chicken,Swallow,MCQ,,,
E_SCI_L011_Q107,11,Amazing Animals,Why do ducks have webbed feet?,To dig holes,To climb trees,To fly faster,To swim easily,To swim easily,MCQ,,,
E_SCI_L011_Q108,11,Amazing Animals,Why does a polar bear have thick fur?,To keep warm,To change color,To swim faster,To fly,To keep warm,MCQ,,,
E_SCI_L011_Q109,11,Amazing Animals,Match the animal with its adaptation.,,,,,,Match,"[{""left"":""Chameleon"",""right"":""Camouflage""},{""left"":""Bear"",""right"":""Hibernation""},{""left"":""Swallow"",""right"":""Migration""},{""left"":""Duck"",""right"":""Webbed feet""}]",,
E_SCI_L011_Q110,11,Amazing Animals,Match the animal with its special feature.,,,,,,Match,"[{""left"":""Polar Bear"",""right"":""Thick fur""},{""left"":""Camel"",""right"":""Hump stores fat""},{""left"":""Duck"",""right"":""Webbed feet""},{""left"":""Chameleon"",""right"":""Changes color""}]",,
E_SCI_L012_Q111,12,Amazing Animals,Some animals are endangered because their habitats are disappearing.,TRUE,FALSE,,,TRUE,MCQ,,,
E_SCI_L012_Q112,12,Amazing Animals,Hunting endangered animals helps protect them.,TRUE,FALSE,,,FALSE,MCQ,,,
E_SCI_L012_Q113,12,Amazing Animals,Can people help protect endangered animals?,Yes,No,,,Yes,MCQ,,,
E_SCI_L012_Q114,12,Amazing Animals,Which of these is an endangered animal?,House Cat,Goat,Giant Panda,Chicken,Giant Panda,MCQ,,,
E_SCI_L012_Q115,12,Amazing Animals,Which place helps protect wild animals?,National Park,Parking Lot,Factory,Shopping Mall,National Park,MCQ,,,
E_SCI_L012_Q116,12,Amazing Animals,Which action helps protect animals?,Cutting forests,Planting trees,Throwing rubbish in rivers,Hunting wild animals,Planting trees,MCQ,,,
E_SCI_L012_Q117,12,Amazing Animals,Why do some animals become endangered?,lose habitats,change color,learn to fly,grow bigger,lose habitats,MCQ,,,
E_SCI_L012_Q118,12,Amazing Animals,Which animal is the national animal of Bangladesh and is also endangered?,Dog,Royal Bengal Tiger,Goat,Cow,Royal Bengal Tiger,MCQ,,,
E_SCI_L012_Q119,12,Amazing Animals,Match the endangered animal with its habitat.,,,,,,Match,"[{""left"":""Giant Panda"",""right"":""Bamboo Forest""},{""left"":""Sea Turtle"",""right"":""Ocean""},{""left"":""Royal Bengal Tiger"",""right"":""Mangrove Forest""},{""left"":""Orangutan"",""right"":""Rainforest""}]",,
E_SCI_L012_Q120,12,Amazing Animals,Match the conservation action with its benefit.,,,,,,Match,"[{""left"":""Plant trees"",""right"":""Creates animal habitats""},{""left"":""Protect forests"",""right"":""Keeps wildlife safe""},{""left"":""Reduce pollution"",""right"":""Cleaner environment""},{""left"":""Stop illegal hunting"",""right"":""Protects endangered animals""}]",,
E_SCI_L013_Q121,13,Amazing Animals: Review,Which of these is a mammal?,Snake,Dog,Eagle,Frog,Dog,MCQ,,,
E_SCI_L013_Q122,13,Amazing Animals: Review,A camel can live in the desert.,TRUE,FALSE,,,TRUE,MCQ,,,
E_SCI_L013_Q123,13,Amazing Animals: Review,Can people help protect endangered animals?,Yes,No,,,Yes,MCQ,,,
E_SCI_L013_Q124,13,Amazing Animals: Review,Which animal changes its color to blend into its surroundings?,Horse,Chameleon,Cow,Elephant,Chameleon,MCQ,,,
E_SCI_L013_Q125,13,Amazing Animals: Review,Which animal is the prey in this food chain: Grass â†’ Rabbit â†’ Fox?,Fox,Grass,Eagle,Rabbit,Rabbit,MCQ,,,
E_SCI_L013_Q126,13,Amazing Animals: Review,Which place helps protect wild animals?,Parking Lot,Factory,Shopping Mall,National Park,National Park,MCQ,,,
E_SCI_L013_Q127,13,Amazing Animals: Review,Which animal is an omnivore?,Giraffe,Rabbit,Bear,Cow,Bear,MCQ,,,
E_SCI_L013_Q128,13,Amazing Animals: Review,Which bird is famous for migrating long distances?,Chicken,Peacock,Swallow,Ostrich,Swallow,MCQ,,,
E_SCI_L013_Q129,13,Amazing Animals: Review,Match the animal with its habitat.,,,,,,Match,"[{""left"":""Camel"",""right"":""Desert""},{""left"":""Penguin"",""right"":""Cold Region""},{""left"":""Dolphin"",""right"":""Ocean""},{""left"":""Monkey"",""right"":""Forest""}]",,
E_SCI_L013_Q130,13,Amazing Animals: Review,Match the animal with its adaptation.,,,,,,Match,"[{""left"":""Chameleon"",""right"":""Camouflage""},{""left"":""Bear"",""right"":""Hibernation""},{""left"":""Swallow"",""right"":""Migration""},{""left"":""Duck"",""right"":""Webbed feet""}]",,
E_SCI_L014_Q131,14,Amazing Animals: Review,Birds have scales instead of feathers.,TRUE,FALSE,,,FALSE,MCQ,,,
E_SCI_L014_Q132,14,Amazing Animals: Review,Do herbivores eat plants?,Yes,No,,,Yes,MCQ,,,
E_SCI_L014_Q133,14,Amazing Animals: Review,Plants are the first part of many food chains.,TRUE,FALSE,,,TRUE,MCQ,,,
E_SCI_L014_Q134,14,Amazing Animals: Review,Which of these is an amphibian?,Frog,Lion,Parrot,Horse,Frog,MCQ,,,
E_SCI_L014_Q135,14,Amazing Animals: Review,Which animal lives in the ocean?,Camel,Wolf,Dolphin,Elephant,Dolphin,MCQ,,,
E_SCI_L014_Q136,14,Amazing Animals: Review,Which food chain is correct?,Tiger â†’ Deer â†’ Grass,Fox â†’ Rabbit â†’ Grass,Grass â†’ Deer â†’ Tiger,Rabbit â†’ Grass â†’ Fox,Grass â†’ Deer â†’ Tiger,MCQ,,,
E_SCI_L014_Q137,14,Amazing Animals: Review,Why does a polar bear have thick fur?,To swim faster,To change color,To keep warm,To fly,To keep warm,MCQ,,,
E_SCI_L014_Q138,14,Amazing Animals: Review,Which action helps protect animals?,Throwing rubbish in rivers,Hunting wild animals,Cutting forests,Planting trees,Planting trees,MCQ,,,
E_SCI_L014_Q139,14,Amazing Animals: Review,Match the animal with its food type.,,,,,,Match,"[{""left"":""Cow"",""right"":""Herbivore""},{""left"":""Lion"",""right"":""Carnivore""},{""left"":""Bear"",""right"":""Omnivore""},{""left"":""Rabbit"",""right"":""Herbivore""}]",,
E_SCI_L014_Q140,14,Amazing Animals: Review,Match the endangered animal with its habitat.,,,,,,Match,"[{""left"":""Giant Panda"",""right"":""Bamboo Forest""},{""left"":""Sea Turtle"",""right"":""Ocean""},{""left"":""Royal Bengal Tiger"",""right"":""Mangrove Forest""},{""left"":""Orangutan"",""right"":""Rainforest""}]",,
E_SCI_L015_Q141,15,Amazing Animals: Review,Fish breathe through gills.,TRUE,FALSE,,,TRUE,MCQ,,,
E_SCI_L015_Q142,15,Amazing Animals: Review,Can omnivores eat both plants and animals?,Yes,No,,,Yes,MCQ,,,
E_SCI_L015_Q143,15,Amazing Animals: Review,Which of these is a reptile?,Dolphin,Sparrow,Rabbit,Crocodile,Crocodile,MCQ,,,
E_SCI_L015_Q144,15,Amazing Animals: Review,Which animal usually lives in a rainforest?,Orangutan,Polar Bear,Camel,Penguin,Orangutan,MCQ,,,
E_SCI_L015_Q145,15,Amazing Animals: Review,Which animal is the top predator in this food chain: Grass â†’ Deer â†’ Tiger?,Deer,Tiger,Rabbit,Grass,Tiger,MCQ,,,
E_SCI_L015_Q146,15,Amazing Animals: Review,Which adaptation helps a duck swim?,Webbed feet,Sharp claws,Thick fur,Long neck,Webbed feet,MCQ,,,
E_SCI_L015_Q147,15,Amazing Animals: Review,Which animal is endangered because of habitat loss and illegal hunting?,Rhino,Goat,Chicken,Cat,Rhino,MCQ,,,
E_SCI_L015_Q148,15,Amazing Animals: Review,Which action protects oceans?,Cut mangroves,River rubbish,Reduce plastic,Hunt turtles,Reduce plastic,MCQ,,,
E_SCI_L015_Q149,15,Amazing Animals: Review,Match the animal with its group.,,,,,,Match,"[{""left"":""Whale"",""right"":""Mammal""},{""left"":""Crocodile"",""right"":""Reptile""},{""left"":""Salmon"",""right"":""Fish""},{""left"":""Frog"",""right"":""Amphibian""}]",,
E_SCI_L015_Q150,15,Amazing Animals: Review,Match the animal with its diet.,,,,,,Match,"[{""left"":""Elephant"",""right"":""Herbivore""},{""left"":""Tiger"",""right"":""Carnivore""},{""left"":""Crow"",""right"":""Omnivore""},{""left"":""Giraffe"",""right"":""Herbivore""}]",,
E_SCI_L016_Q151,16,Human Body Explorer,The heart pumps blood around the body.,TRUE,FALSE,,,TRUE,MCQ,,,
E_SCI_L016_Q152,16,Human Body Explorer,The lungs help us digest food.,TRUE,FALSE,,,FALSE,MCQ,,,
E_SCI_L016_Q153,16,Human Body Explorer,Does the brain help us think?,Yes,No,,,Yes,MCQ,,,
E_SCI_L016_Q154,16,Human Body Explorer,Which organ pumps blood?,Brain,Lungs,Stomach,Heart,Heart,MCQ,,,
E_SCI_L016_Q155,16,Human Body Explorer,Which organ helps us breathe?,Liver,Lungs,Stomach,Heart,Lungs,MCQ,,,
E_SCI_L016_Q156,16,Human Body Explorer,Which organ helps us think and learn?,Heart,Brain,Stomach,Lungs,Brain,MCQ,,,
E_SCI_L016_Q157,16,Human Body Explorer,Which organ helps digest food?,Heart,Brain,Stomach,Lungs,Stomach,MCQ,,,
E_SCI_L016_Q158,16,Human Body Explorer,Which is the largest organ of the human body?,Lungs,Heart,Brain,Skin,Skin,MCQ,,,
E_SCI_L016_Q159,16,Human Body Explorer,Match the organ with its job.,,,,,,Match,"[{""left"":""Heart"",""right"":""Pumps blood""},{""left"":""Brain"",""right"":""Controls the body""},{""left"":""Lungs"",""right"":""Help us breathe""},{""left"":""Stomach"",""right"":""Digests food""}]",,
E_SCI_L016_Q160,16,Human Body Explorer,Match the organ with its function.,,,,,,Match,"[{""left"":""Skin"",""right"":""Protects the body""},{""left"":""Brain"",""right"":""Helps us think""},{""left"":""Heart"",""right"":""Pumps blood""},{""left"":""Lungs"",""right"":""Take in oxygen""}]",,
E_SCI_L017_Q161,17,Human Body Explorer,The skeleton gives our body shape.,TRUE,FALSE,,,TRUE,MCQ,,,
E_SCI_L017_Q162,17,Human Body Explorer,Bones are soft like rubber.,TRUE,FALSE,,,FALSE,MCQ,,,
E_SCI_L017_Q163,17,Human Body Explorer,Do bones protect important organs?,Yes,No,,,Yes,MCQ,,,
E_SCI_L017_Q164,17,Human Body Explorer,Which bone protects the brain?,Skull,Spine,Leg Bone,Rib,Skull,MCQ,,,
E_SCI_L017_Q165,17,Human Body Explorer,Which bones protect the heart and lungs?,Ribs,Arms,Skull,Legs,Ribs,MCQ,,,
E_SCI_L017_Q166,17,Human Body Explorer,Which part helps you stand upright?,Stomach,Lungs,Heart,Spine,Spine,MCQ,,,
E_SCI_L017_Q167,17,Human Body Explorer,What is the main job of the skeleton?,Help us smell,Make blood,Help us hear,Support the body,Support the body,MCQ,,,
E_SCI_L017_Q168,17,Human Body Explorer,Which of these is a joint?,Brain,Heart,Knee,Lung,Knee,MCQ,,,
E_SCI_L017_Q169,17,Human Body Explorer,Match the bone with what it protects.,,,,,,Match,"[{""left"":""Skull"",""right"":""Brain""},{""left"":""Ribs"",""right"":""Heart and Lungs""},{""left"":""Spine"",""right"":""Spinal Cord""},{""left"":""Leg Bones"",""right"":""Support Walking""}]",,
E_SCI_L017_Q170,17,Human Body Explorer,Match the body part with its description.,,,,,,Match,"[{""left"":""Skeleton"",""right"":""Gives body shape""},{""left"":""Joint"",""right"":""Connects bones""},{""left"":""Skull"",""right"":""Head bone""},{""left"":""Ribs"",""right"":""Chest bones""}]",,
E_SCI_L018_Q171,18,Human Body Explorer,Muscles help us move our body.,TRUE,FALSE,,,TRUE,MCQ,,,
E_SCI_L018_Q172,18,Human Body Explorer,Muscles cannot work with bones.,TRUE,FALSE,,,FALSE,MCQ,,,
E_SCI_L018_Q173,18,Human Body Explorer,Do muscles become stronger with exercise?,Yes,No,,,Yes,MCQ,,,
E_SCI_L018_Q174,18,Human Body Explorer,Which part of the body helps you bend your arm?,Muscles,Bones,Teeth,Hair,Muscles,MCQ,,,
E_SCI_L018_Q175,18,Human Body Explorer,Which activity helps make muscles stronger?,Exercise,Watching TV,Eating candy,Sleeping all day,Exercise,MCQ,,,
E_SCI_L018_Q176,18,Human Body Explorer,What do muscles work with to help us move?,Hair,Bones,Teeth,Nails,Bones,MCQ,,,
E_SCI_L018_Q177,18,Human Body Explorer,Which activity uses many muscles?,Watching TV,Sleeping,Reading a book,Running,Running,MCQ,,,
E_SCI_L018_Q178,18,Human Body Explorer,Why stretch before exercise?,Change color,Stop breathing,Prepare muscles,Bone disappear,Prepare muscles,MCQ,,,
E_SCI_L018_Q179,18,Human Body Explorer,Match the body part with its job.,,,,,,Match,"[{""left"":""Muscles"",""right"":""Help us move""},{""left"":""Bones"",""right"":""Support the body""},{""left"":""Joints"",""right"":""Allow bending""},{""left"":""Brain"",""right"":""Controls movement""}]",,
E_SCI_L018_Q180,18,Human Body Explorer,Match the activity with the body part used the most.,,,,,,Match,"[{""left"":""Running"",""right"":""Leg muscles""},{""left"":""Writing"",""right"":""Hand muscles""},{""left"":""Chewing"",""right"":""Jaw muscles""},{""left"":""Blinking"",""right"":""Eye muscles""}]",,
E_SCI_L019_Q181,19,Human Body Explorer,Washing your hands helps prevent germs from spreading.,TRUE,FALSE,,,TRUE,MCQ,,,
E_SCI_L019_Q182,19,Human Body Explorer,Eating lots of candy every day is healthy.,TRUE,FALSE,,,FALSE,MCQ,,,
E_SCI_L019_Q183,19,Human Body Explorer,Should you brush your teeth twice a day?,Yes,No,,,Yes,MCQ,,,
E_SCI_L019_Q184,19,Human Body Explorer,Which food is the healthiest choice?,Apple,Chocolate,Candy,Potato Chips,Apple,MCQ,,,
E_SCI_L019_Q185,19,Human Body Explorer,What should you do before eating?,Play games,Jump around,Watch TV,Wash your hands,Wash your hands,MCQ,,,
E_SCI_L019_Q186,19,Human Body Explorer,Which drink is the best for keeping your body healthy?,Water,Soft Drink,Energy Drink,Soda,Water,MCQ,,,
E_SCI_L019_Q187,19,Human Body Explorer,Why is enough sleep important?,Skip rest,Grow and rest,Change color,Replace exercise,Grow and rest,MCQ,,,
E_SCI_L019_Q188,19,Human Body Explorer,Which habit keeps your body fit?,No sleep,Only sweets,Daily exercise,Skip breakfast,Daily exercise,MCQ,,,
E_SCI_L019_Q189,19,Human Body Explorer,Match the healthy habit with its benefit.,,,,,,Match,"[{""left"":""Brush teeth"",""right"":""Keeps teeth clean""},{""left"":""Wash hands"",""right"":""Removes germs""},{""left"":""Exercise"",""right"":""Keeps muscles strong""},{""left"":""Drink water"",""right"":""Keeps the body hydrated""}]",,
E_SCI_L019_Q190,19,Human Body Explorer,Match the healthy food with its food group.,,,,,,Match,"[{""left"":""Apple"",""right"":""Fruit""},{""left"":""Carrot"",""right"":""Vegetable""},{""left"":""Milk"",""right"":""Dairy""},{""left"":""Fish"",""right"":""Protein""}]",,
E_SCI_L020_Q191,20,Human Body Explorer,The brain controls many activities in our body.,TRUE,FALSE,,,TRUE,MCQ,,,
E_SCI_L020_Q192,20,Human Body Explorer,The stomach helps us breathe.,TRUE,FALSE,,,FALSE,MCQ,,,
E_SCI_L020_Q193,20,Human Body Explorer,Does food go to the stomach after we swallow it?,Yes,No,,,Yes,MCQ,,,
E_SCI_L020_Q194,20,Human Body Explorer,Which body system helps us breathe?,Muscular System,Skeletal System,Digestive System,Respiratory System,Respiratory System,MCQ,,,
E_SCI_L020_Q195,20,Human Body Explorer,Which body system breaks down food?,Skeletal System,Respiratory System,Digestive System,Nervous System,Digestive System,MCQ,,,
E_SCI_L020_Q196,20,Human Body Explorer,Which body system includes the heart and blood vessels?,Respiratory System,Skeletal System,Muscular System,Circulatory System,Circulatory System,MCQ,,,
E_SCI_L020_Q197,20,Human Body Explorer,Which body system includes the brain and nerves?,Digestive System,Nervous System,Skeletal System,Respiratory System,Nervous System,MCQ,,,
E_SCI_L020_Q198,20,Human Body Explorer,Why is every body system important?,They do same job,1 system is needed,help us change hair color,They work together,They work together,MCQ,,,
E_SCI_L020_Q199,20,Human Body Explorer,Match the body system with its main job.,,,,,,Match,"[{""left"":""Digestive System"",""right"":""Breaks down food""},{""left"":""Respiratory System"",""right"":""Helps us breathe""},{""left"":""Circulatory System"",""right"":""Moves blood around the body""},{""left"":""Nervous System"",""right"":""Controls the body""}]",,
E_SCI_L020_Q200,20,Human Body Explorer,Match the organ with its body system.,,,,,,Match,"[{""left"":""Heart"",""right"":""Circulatory System""},{""left"":""Lungs"",""right"":""Respiratory System""},{""left"":""Stomach"",""right"":""Digestive System""},{""left"":""Brain"",""right"":""Nervous System""}]",,
E_SCI_L021_Q201,21,Human Body Explorer: Review,Which organ helps us think and learn?,Lungs,Brain,Stomach,Heart,Brain,MCQ,,,
E_SCI_L021_Q202,21,Human Body Explorer: Review,The skeleton gives our body shape.,TRUE,FALSE,,,TRUE,MCQ,,,
E_SCI_L021_Q203,21,Human Body Explorer: Review,Do muscles become stronger with exercise?,Yes,No,,,Yes,MCQ,,,
E_SCI_L021_Q204,21,Human Body Explorer: Review,Which bone protects the brain?,Ribs,Leg Bone,Spine,Skull,Skull,MCQ,,,
E_SCI_L021_Q205,21,Human Body Explorer: Review,Which drink is the best for keeping your body healthy?,Soft Drink,Energy Drink,Soda,Water,Water,MCQ,,,
E_SCI_L021_Q206,21,Human Body Explorer: Review,Which body system includes the heart and blood vessels?,Circulatory System,Skeletal System,Digestive System,Respiratory System,Circulatory System,MCQ,,,
E_SCI_L021_Q207,21,Human Body Explorer: Review,Why is enough sleep important?,Change color,Grow and rest,Replace exercise,Forget things,Grow and rest,MCQ,,,
E_SCI_L021_Q208,21,Human Body Explorer: Review,Which organ helps us breathe?,Brain,Stomach,Lungs,Heart,Lungs,MCQ,,,
E_SCI_L021_Q209,21,Human Body Explorer: Review,Match the organ with its job.,,,,,,Match,"[{""left"":""Heart"",""right"":""Pumps blood""},{""left"":""Brain"",""right"":""Controls the body""},{""left"":""Lungs"",""right"":""Help us breathe""},{""left"":""Stomach"",""right"":""Digests food""}]",,
E_SCI_L021_Q210,21,Human Body Explorer: Review,Match the body system with its main job.,,,,,,Match,"[{""left"":""Digestive System"",""right"":""Breaks down food""},{""left"":""Respiratory System"",""right"":""Helps us breathe""},{""left"":""Circulatory System"",""right"":""Moves blood around the body""},{""left"":""Nervous System"",""right"":""Controls the body""}]",,
E_SCI_L022_Q211,22,Human Body Explorer: Review,The lungs help us digest food.,TRUE,FALSE,,,FALSE,MCQ,,,
E_SCI_L022_Q212,22,Human Body Explorer: Review,Should you brush your teeth twice a day?,Yes,No,,,Yes,MCQ,,,
E_SCI_L022_Q213,22,Human Body Explorer: Review,Which organ helps digest food?,Lungs,Brain,Stomach,Heart,Stomach,MCQ,,,
E_SCI_L022_Q214,22,Human Body Explorer: Review,Which part helps you stand upright?,Stomach,Heart,Lungs,Spine,Spine,MCQ,,,
E_SCI_L022_Q215,22,Human Body Explorer: Review,Which activity helps make muscles stronger?,Exercise,Eating candy,Watching TV,Sleeping all day,Exercise,MCQ,,,
E_SCI_L022_Q216,22,Human Body Explorer: Review,Which food is the healthiest choice?,Candy,Chocolate,Potato Chips,Apple,Apple,MCQ,,,
E_SCI_L022_Q217,22,Human Body Explorer: Review,Which body system helps us breathe?,Skeletal System,Respiratory System,Digestive System,Muscular System,Respiratory System,MCQ,,,
E_SCI_L022_Q218,22,Human Body Explorer: Review,Why is every body system important?,Hair color,Same job,One system,Work together,Work together,MCQ,,,
E_SCI_L022_Q219,22,Human Body Explorer: Review,Match the bone with what it protects.,,,,,,Match,"[{""left"":""Skull"",""right"":""Brain""},{""left"":""Ribs"",""right"":""Heart and Lungs""},{""left"":""Spine"",""right"":""Spinal Cord""},{""left"":""Leg Bones"",""right"":""Support Walking""}]",,
E_SCI_L022_Q220,22,Human Body Explorer: Review,Match the healthy habit with its benefit.,,,,,,Match,"[{""left"":""Brush teeth"",""right"":""Keeps teeth clean""},{""left"":""Wash hands"",""right"":""Removes germs""},{""left"":""Exercise"",""right"":""Keeps muscles strong""},{""left"":""Drink water"",""right"":""Keeps the body hydrated""}]",,
E_SCI_L023_Q221,23,Human Body Explorer: Review,Skin is the largest organ of the human body.,TRUE,FALSE,,,TRUE,MCQ,,,
E_SCI_L023_Q222,23,Human Body Explorer: Review,Can bones protect important organs?,Yes,No,,,Yes,MCQ,,,
E_SCI_L023_Q223,23,Human Body Explorer: Review,Which body part connects two bones together?,Heart,Joint,Brain,Lung,Joint,MCQ,,,
E_SCI_L023_Q224,23,Human Body Explorer: Review,Which organ pumps blood around the body?,Lungs,Heart,Brain,Stomach,Heart,MCQ,,,
E_SCI_L023_Q225,23,Human Body Explorer: Review,Which activity uses many muscles?,Watching TV,Running,Sleeping,Reading a book,Running,MCQ,,,
E_SCI_L023_Q226,23,Human Body Explorer: Review,What should you do before eating?,Play games,Wash your hands,Watch TV,Jump around,Wash your hands,MCQ,,,
E_SCI_L023_Q227,23,Human Body Explorer: Review,Which body system includes the brain and nerves?,Digestive System,Skeletal System,Nervous System,Respiratory System,Nervous System,MCQ,,,
E_SCI_L023_Q228,23,Human Body Explorer: Review,Which organ belongs to the digestive system?,Heart,Lungs,Stomach,Brain,Stomach,MCQ,,,
E_SCI_L023_Q229,23,Human Body Explorer: Review,Match the organ with its body system.,,,,,,Match,"[{""left"":""Heart"",""right"":""Circulatory System""},{""left"":""Lungs"",""right"":""Respiratory System""},{""left"":""Brain"",""right"":""Nervous System""},{""left"":""Stomach"",""right"":""Digestive System""}]",,
E_SCI_L023_Q230,23,Human Body Explorer: Review,Match the body part with its main function.,,,,,,Match,"[{""left"":""Muscles"",""right"":""Help us move""},{""left"":""Skeleton"",""right"":""Supports the body""},{""left"":""Skin"",""right"":""Protects the body""},{""left"":""Brain"",""right"":""Controls the body""}]",,
E_SCI_L024_Q231,24,Earth Explorer,A mountain is higher than a hill.,TRUE,FALSE,,,TRUE,MCQ,,,
E_SCI_L024_Q232,24,Earth Explorer,An island is completely surrounded by water.,TRUE,FALSE,,,TRUE,MCQ,,,
E_SCI_L024_Q233,24,Earth Explorer,Can rivers flow into oceans?,Yes,No,,,Yes,MCQ,,,
E_SCI_L024_Q234,24,Earth Explorer,Which landform is the highest?,Mountain,Island,Valley,Plain,Mountain,MCQ,,,
E_SCI_L024_Q235,24,Earth Explorer,Which landform is mostly flat?,Plain,Mountain,Hill,Valley,Plain,MCQ,,,
E_SCI_L024_Q236,24,Earth Explorer,Which landform is surrounded by water on all sides?,Island,Hill,Desert,Valley,Island,MCQ,,,
E_SCI_L024_Q237,24,Earth Explorer,Which landform is covered mostly with sand?,Desert,River,Ocean,Forest,Desert,MCQ,,,
E_SCI_L024_Q238,24,Earth Explorer,Where does a river usually flow?,Lake or ocean,Sky,Mountain,Volcano,Lake or ocean,MCQ,,,
E_SCI_L024_Q239,24,Earth Explorer,Match the landform with its description.,,,,,,Match,"[{""left"":""Mountain"",""right"":""Very high land""},{""left"":""Plain"",""right"":""Flat land""},{""left"":""Island"",""right"":""Land surrounded by water""},{""left"":""Valley"",""right"":""Low land between mountains""}]",,
E_SCI_L024_Q240,24,Earth Explorer,Match the landform with its feature.,,,,,,Match,"[{""left"":""Desert"",""right"":""Dry and sandy""},{""left"":""River"",""right"":""Flowing water""},{""left"":""Ocean"",""right"":""Largest body of salt water""},{""left"":""Hill"",""right"":""Lower than a mountain""}]",,
E_SCI_L025_Q241,25,Earth Explorer,Rocks are found naturally on Earth.,TRUE,FALSE,,,TRUE,MCQ,,,
E_SCI_L025_Q242,25,Earth Explorer,All rocks are soft.,TRUE,FALSE,,,FALSE,MCQ,,,
E_SCI_L025_Q243,25,Earth Explorer,Can rocks be different in color and size?,Yes,No,,,Yes,MCQ,,,
E_SCI_L025_Q244,25,Earth Explorer,Which of these is a rock?,Paper,Granite,Plastic,Glass,Granite,MCQ,,,
E_SCI_L025_Q245,25,Earth Explorer,What are minerals found in?,Trees,Rivers,Clouds,Rocks,Rocks,MCQ,,,
E_SCI_L025_Q246,25,Earth Explorer,Which material is commonly used to build houses?,Cotton,Plastic,Stone,Paper,Stone,MCQ,,,
E_SCI_L025_Q247,25,Earth Explorer,Which of these is the hardest natural mineral?,Gold,Diamond,Sand,Coal,Diamond,MCQ,,,
E_SCI_L025_Q248,25,Earth Explorer,Why are rocks useful?,Building,Tree growth,Rain making,Electricity,Building,MCQ,,,
E_SCI_L025_Q249,25,Earth Explorer,Match the rock or mineral with its use.,,,,,,Match,"[{""left"":""Granite"",""right"":""Building stone""},{""left"":""Diamond"",""right"":""Jewelry""},{""left"":""Coal"",""right"":""Fuel""},{""left"":""Sand"",""right"":""Making glass""}]",,
E_SCI_L025_Q250,25,Earth Explorer,Match the material with its description.,,,,,,Match,"[{""left"":""Rock"",""right"":""Natural solid material""},{""left"":""Mineral"",""right"":""Found inside rocks""},{""left"":""Coal"",""right"":""Used as fuel""},{""left"":""Diamond"",""right"":""Very hard mineral""}]",,
E_SCI_L026_Q251,26,Earth Explorer,Soil helps plants grow.,TRUE,FALSE,,,TRUE,MCQ,,,
E_SCI_L026_Q252,26,Earth Explorer,Seeds can grow without soil in most natural environments.,TRUE,FALSE,,,FALSE,MCQ,,,
E_SCI_L026_Q253,26,Earth Explorer,Does soil contain tiny living things?,Yes,No,,,Yes,MCQ,,,
E_SCI_L026_Q254,26,Earth Explorer,Which type of soil is best for growing most plants?,Gravel,Sand,Clay,Loam,Loam,MCQ,,,
E_SCI_L026_Q255,26,Earth Explorer,Which type of soil lets water pass through quickly?,Sand,Mud,Clay,Loam,Sand,MCQ,,,
E_SCI_L026_Q256,26,Earth Explorer,Which type of soil holds the most water?,Loam,Clay,Gravel,Sand,Clay,MCQ,,,
E_SCI_L026_Q257,26,Earth Explorer,Which animal helps make soil healthier?,Eagle,Dolphin,Earthworm,Lion,Earthworm,MCQ,,,
E_SCI_L026_Q258,26,Earth Explorer,Why is soil important?,Cloud making,River movement,Plant growth,Sunlight,Plant growth,MCQ,,,
E_SCI_L026_Q259,26,Earth Explorer,Match the soil type with its feature.,,,,,,Match,"[{""left"":""Sand"",""right"":""Drains water quickly""},{""left"":""Clay"",""right"":""Holds water well""},{""left"":""Loam"",""right"":""Best for most plants""},{""left"":""Gravel"",""right"":""Contains large stones""}]",,
E_SCI_L026_Q260,26,Earth Explorer,Match the soil item with its description.,,,,,,Match,"[{""left"":""Earthworm"",""right"":""Lives in soil""},{""left"":""Compost"",""right"":""Makes soil richer""},{""left"":""Roots"",""right"":""Absorb water from soil""},{""left"":""Soil"",""right"":""Supports plant growth""}]",,
E_SCI_L027_Q261,27,Earth Explorer,A volcano can erupt and release lava.,TRUE,FALSE,,,TRUE,MCQ,,,
E_SCI_L027_Q262,27,Earth Explorer,Lava is cold when it comes out of a volcano.,TRUE,FALSE,,,FALSE,MCQ,,,
E_SCI_L027_Q263,27,Earth Explorer,Can volcanoes change the shape of the land?,Yes,No,,,Yes,MCQ,,,
E_SCI_L027_Q264,27,Earth Explorer,What is hot melted rock called after it comes out of a volcano?,Sand,Steam,Lava,Soil,Lava,MCQ,,,
E_SCI_L027_Q265,27,Earth Explorer,What is hot melted rock called while it is inside the Earth?,Smoke,Rock,Magma,Lava,Magma,MCQ,,,
E_SCI_L027_Q266,27,Earth Explorer,Where is magma found?,In rivers,Inside the Earth,On trees,In clouds,Inside the Earth,MCQ,,,
E_SCI_L027_Q267,27,Earth Explorer,What happens during a volcanic eruption?,Lava and ash,Ocean disappears,Trees fly,Snow falls,Lava and ash,MCQ,,,
E_SCI_L027_Q268,27,Earth Explorer,Which action is safest during a volcanic eruption?,Follow orders,Hide nearby,Near lava,Touch lava,Follow orders,MCQ,,,
E_SCI_L027_Q269,27,Earth Explorer,Match the volcano word with its meaning.,,,,,,Match,"[{""left"":""Magma"",""right"":""Melted rock inside Earth""},{""left"":""Lava"",""right"":""Melted rock outside Earth""},{""left"":""Ash"",""right"":""Fine powder from an eruption""},{""left"":""Crater"",""right"":""Opening at the top of a volcano""}]",,
E_SCI_L027_Q270,27,Earth Explorer,Match the volcano part with its description.,,,,,,Match,"[{""left"":""Crater"",""right"":""Top opening""},{""left"":""Magma Chamber"",""right"":""Stores magma underground""},{""left"":""Lava"",""right"":""Flows on Earth's surface""},{""left"":""Ash Cloud"",""right"":""Rises into the sky after an eruption""}]",,
E_SCI_L028_Q271,28,Earth Explorer,An earthquake is the shaking of the ground.,TRUE,FALSE,,,TRUE,MCQ,,,
E_SCI_L028_Q272,28,Earth Explorer,Earthquakes happen because of the weather.,TRUE,FALSE,,,FALSE,MCQ,,,
E_SCI_L028_Q273,28,Earth Explorer,Should you stay calm during an earthquake?,Yes,No,,,Yes,MCQ,,,
E_SCI_L028_Q274,28,Earth Explorer,What should you do during an earthquake indoors?,Drop-Cover-Hold,Elevator,Window,Tree,Drop-Cover-Hold,MCQ,,,
E_SCI_L028_Q275,28,Earth Explorer,Which place is safest after an earthquake?,Tall building,Bridge,Open area,Damaged house,Open area,MCQ,,,
E_SCI_L028_Q276,28,Earth Explorer,What can happen during a strong earthquake?,Buildings shake,Mountains melt,Flying fish,Sun disappears,Buildings shake,MCQ,,,
E_SCI_L028_Q277,28,Earth Explorer,Why is an emergency kit useful?,Stop earthquakes,Predict earthquakes,Weather change,Emergency help,Emergency help,MCQ,,,
E_SCI_L028_Q278,28,Earth Explorer,Which item is good to keep in an emergency kit?,Candy Wrapper,Video Game,Toy Car,Flashlight,Flashlight,MCQ,,,
E_SCI_L028_Q279,28,Earth Explorer,Match the earthquake safety action with its purpose.,,,,,,Match,"[{""left"":""Drop"",""right"":""Get low to the ground""},{""left"":""Cover"",""right"":""Protect your head and body""},{""left"":""Hold On"",""right"":""Stay under shelter until shaking stops""},{""left"":""Emergency Kit"",""right"":""Provides important supplies""}]",,
E_SCI_L028_Q280,28,Earth Explorer,Match the emergency item with its use.,,,,,,Match,"[{""left"":""Flashlight"",""right"":""Provides light""},{""left"":""First Aid Kit"",""right"":""Treats small injuries""},{""left"":""Bottle of Water"",""right"":""Drinking""},{""left"":""Whistle"",""right"":""Calls for help""}]",,
E_SCI_L029_Q281,29,Earth Explorer: Review,Which landform is the highest?,Mountain,Island,Valley,Plain,Mountain,MCQ,,,
E_SCI_L029_Q282,29,Earth Explorer: Review,Rocks are found naturally on Earth.,TRUE,FALSE,,,TRUE,MCQ,,,
E_SCI_L029_Q283,29,Earth Explorer: Review,Which soil is best for growing most plants?,Sand,Loam,Gravel,Clay,Loam,MCQ,,,
E_SCI_L029_Q284,29,Earth Explorer: Review,What is hot melted rock called after it comes out of a volcano?,Sand,Soil,Lava,Steam,Lava,MCQ,,,
E_SCI_L029_Q285,29,Earth Explorer: Review,An earthquake is the shaking of the ground.,TRUE,FALSE,,,TRUE,MCQ,,,
E_SCI_L029_Q286,29,Earth Explorer: Review,Which landform is surrounded by water on all sides?,Island,Hill,Desert,Valley,Island,MCQ,,,
E_SCI_L029_Q287,29,Earth Explorer: Review,Which animal helps make soil healthier?,Earthworm,Dolphin,Eagle,Lion,Earthworm,MCQ,,,
E_SCI_L029_Q288,29,Earth Explorer: Review,What should you do during an earthquake indoors?,Drop-Cover-Hold,Window,Run outside,Elevator,Drop-Cover-Hold,MCQ,,,
E_SCI_L029_Q289,29,Earth Explorer: Review,Match the landform with its description.,,,,,,Match,"[{""left"":""Mountain"",""right"":""Very high land""},{""left"":""Plain"",""right"":""Flat land""},{""left"":""Island"",""right"":""Land surrounded by water""},{""left"":""Valley"",""right"":""Low land between mountains""}]",,
E_SCI_L029_Q290,29,Earth Explorer: Review,Match the volcano word with its meaning.,,,,,,Match,"[{""left"":""Magma"",""right"":""Melted rock inside Earth""},{""left"":""Lava"",""right"":""Melted rock outside Earth""},{""left"":""Ash"",""right"":""Fine powder from an eruption""},{""left"":""Crater"",""right"":""Opening at the top of a volcano""}]",,
E_SCI_L030_Q291,30,Earth Explorer: Review,An island is completely surrounded by water.,TRUE,FALSE,,,TRUE,MCQ,,,
E_SCI_L030_Q292,30,Earth Explorer: Review,Which material is commonly used to build houses?,Cotton,Paper,Plastic,Stone,Stone,MCQ,,,
E_SCI_L030_Q293,30,Earth Explorer: Review,Does soil contain tiny living things?,Yes,No,,,Yes,MCQ,,,
E_SCI_L030_Q294,30,Earth Explorer: Review,What is hot melted rock called while it is inside the Earth?,Magma,Rock,Smoke,Lava,Magma,MCQ,,,
E_SCI_L030_Q295,30,Earth Explorer: Review,Should you stay calm during an earthquake?,Yes,No,,,Yes,MCQ,,,
E_SCI_L030_Q296,30,Earth Explorer: Review,Which landform is mostly flat?,Mountain,Hill,Valley,Plain,Plain,MCQ,,,
E_SCI_L030_Q297,30,Earth Explorer: Review,Which type of soil holds the most water?,Gravel,Sand,Clay,Loam,Clay,MCQ,,,
E_SCI_L030_Q298,30,Earth Explorer: Review,Which item is good to keep in an emergency kit?,Video Game,Toy Car,Flashlight,Candy Wrapper,Flashlight,MCQ,,,
E_SCI_L030_Q299,30,Earth Explorer: Review,Match the rock or mineral with its use.,,,,,,Match,"[{""left"":""Granite"",""right"":""Building stone""},{""left"":""Diamond"",""right"":""Jewelry""},{""left"":""Coal"",""right"":""Fuel""},{""left"":""Sand"",""right"":""Making glass""}]",,
E_SCI_L030_Q300,30,Earth Explorer: Review,Match the earthquake safety action with its purpose.,,,,,,Match,"[{""left"":""Drop"",""right"":""Get low to the ground""},{""left"":""Cover"",""right"":""Protect your head and body""},{""left"":""Hold On"",""right"":""Stay under shelter until shaking stops""},{""left"":""Emergency Kit"",""right"":""Provides important supplies""}]",,
E_SCI_L031_Q301,31,Earth Explorer: Review,A valley is low land between mountains.,TRUE,FALSE,,,TRUE,MCQ,,,
E_SCI_L031_Q302,31,Earth Explorer: Review,Which of these is a natural solid material found on Earth?,Glass,Plastic,Paper,Rock,Rock,MCQ,,,
E_SCI_L031_Q303,31,Earth Explorer: Review,"""Which soil is made from a mixture of sand, clay and organic matter?""",Stone,Rock,Loam,Gravel,Loam,MCQ,,,
E_SCI_L031_Q304,31,Earth Explorer: Review,What comes out of a volcano during an eruption?,Ice,Lava,Snow,Rain,Lava,MCQ,,,
E_SCI_L031_Q305,31,Earth Explorer: Review,What should you do during an earthquake indoors?,Elevator,Run outside,Drop-Cover-Hold,Window,Drop-Cover-Hold,MCQ,,,
E_SCI_L031_Q306,31,Earth Explorer: Review,Which landform contains a large amount of salt water?,Hill,Valley,Ocean,River,Ocean,MCQ,,,
E_SCI_L031_Q307,31,Earth Explorer: Review,Which mineral is known as one of the hardest natural materials?,Diamond,Sand,Clay,Coal,Diamond,MCQ,,,
E_SCI_L031_Q308,31,Earth Explorer: Review,Why is soil important for plants?,It provides nutrients,It makes sunlight,It creates clouds,It produces wind,It provides nutrients,MCQ,,,
E_SCI_L031_Q309,31,Earth Explorer: Review,Match the landform with its feature.,,,,,,Match,"[{""left"":""Desert"",""right"":""Dry sandy area""},{""left"":""River"",""right"":""Flowing water""},{""left"":""Island"",""right"":""Land surrounded by water""},{""left"":""Mountain"",""right"":""High landform""}]",,
E_SCI_L031_Q310,31,Earth Explorer: Review,Match the Earth feature with its description.,,,,,,Match,"[{""left"":""Volcano"",""right"":""Opening that releases lava""},{""left"":""Earthquake"",""right"":""Shaking of the ground""},{""left"":""Soil"",""right"":""Supports plant growth""},{""left"":""Rock"",""right"":""Natural solid material""}]",,
E_SCI_L032_Q311,32,Water World,Water cycle moves water on Earth.,TRUE,FALSE,,,TRUE,MCQ,,,
E_SCI_L032_Q312,32,Water World,The Sun helps water evaporate.,TRUE,FALSE,,,TRUE,MCQ,,,
E_SCI_L032_Q313,32,Water World,Can clouds make rain?,Yes,No,,,Yes,MCQ,,,
E_SCI_L032_Q314,32,Water World,Water turns into vapor by?,Freezing,Melting,Evaporation,Flowing,Evaporation,MCQ,,,
E_SCI_L032_Q315,32,Water World,Water vapor forms?,Rocks,Plants,Soil,Clouds,Clouds,MCQ,,,
E_SCI_L032_Q316,32,Water World,Water falls from clouds as?,Rain,Wind,Snow,Smoke,Rain,MCQ,,,
E_SCI_L032_Q317,32,Water World,What heats water?,Star,Sun,Cloud,Moon,Sun,MCQ,,,
E_SCI_L032_Q318,32,Water World,Water collects in?,Air,Rocks,Sky,Oceans,Oceans,MCQ,,,
E_SCI_L032_Q319,32,Water World,Match the water cycle step.,,,,,,Match,"[{""left"":""Evaporation"",""right"":""Water vapor""},{""left"":""Condensation"",""right"":""Cloud making""},{""left"":""Rainfall"",""right"":""Water drops""},{""left"":""Collection"",""right"":""Water storage""}]",,
E_SCI_L032_Q320,32,Water World,Match the water cycle part.,,,,,,Match,"[{""left"":""Sun"",""right"":""Heat source""},{""left"":""Cloud"",""right"":""Water drops""},{""left"":""Rain"",""right"":""Falling water""},{""left"":""Ocean"",""right"":""Water store""}]",,
E_SCI_L033_Q321,33,Water World,Rivers contain moving water.,TRUE,FALSE,,,TRUE,MCQ,,,
E_SCI_L033_Q322,33,Water World,Fresh water has salt.,TRUE,FALSE,,,FALSE,MCQ,,,
E_SCI_L033_Q323,33,Water World,Can people use river water?,Yes,No,,,Yes,MCQ,,,
E_SCI_L033_Q324,33,Water World,Which is fresh water?,Sea,Wave,River,Ocean,River,MCQ,,,
E_SCI_L033_Q325,33,Water World,Where do rivers flow?,Upward,Downhill,Backward,Skyward,Downhill,MCQ,,,
E_SCI_L033_Q326,33,Water World,Which stores fresh water?,Sea,Wave,Lake,Ocean,Lake,MCQ,,,
E_SCI_L033_Q327,33,Water World,Rivers provide water for?,Clouds,Sun,Stars,People,People,MCQ,,,
E_SCI_L033_Q328,33,Water World,What flows in a river?,Smoke,Sand,Air,Water,Water,MCQ,,,
E_SCI_L033_Q329,33,Water World,Match the water source.,,,,,,Match,"[{""left"":""River"",""right"":""Fresh water""},{""left"":""Lake"",""right"":""Water storage""},{""left"":""Stream"",""right"":""Small river""},{""left"":""Spring"",""right"":""Water source""}]",,
E_SCI_L033_Q330,33,Water World,Match the water body.,,,,,,Match,"[{""left"":""River"",""right"":""Flowing water""},{""left"":""Lake"",""right"":""Still water""},{""left"":""Pond"",""right"":""Small lake""},{""left"":""Stream"",""right"":""Small flow""}]",,
E_SCI_L034_Q331,34,Water World,Oceans contain salt water.,TRUE,FALSE,,,TRUE,MCQ,,,
E_SCI_L034_Q332,34,Water World,Ocean water is drinkable.,TRUE,FALSE,,,FALSE,MCQ,,,
E_SCI_L034_Q333,34,Water World,Do fish live in oceans?,Yes,No,,,Yes,MCQ,,,
E_SCI_L034_Q334,34,Water World,Which is a large water body?,Pond,River,Stream,Ocean,Ocean,MCQ,,,
E_SCI_L034_Q335,34,Water World,Which animal lives in oceans?,Cat,Cow,Whale,Bird,Whale,MCQ,,,
E_SCI_L034_Q336,34,Water World,Ocean water contains?,Salt,Oil,Milk,Sugar,Salt,MCQ,,,
E_SCI_L034_Q337,34,Water World,Which moves on ocean water?,Trees,Waves,Rocks,Clouds,Waves,MCQ,,,
E_SCI_L034_Q338,34,Water World,Coral reefs are found in?,Mountain,Ocean,Desert,Forest,Ocean,MCQ,,,
E_SCI_L034_Q339,34,Water World,Match the ocean animal.,,,,,,Match,"[{""left"":""Whale"",""right"":""Large animal""},{""left"":""Fish"",""right"":""Swims water""},{""left"":""Dolphin"",""right"":""Sea animal""},{""left"":""Turtle"",""right"":""Ocean animal""}]",,
E_SCI_L034_Q340,34,Water World,Match the ocean feature.,,,,,,Match,"[{""left"":""Wave"",""right"":""Moving water""},{""left"":""Ocean"",""right"":""Salt water""},{""left"":""Coral"",""right"":""Sea home""},{""left"":""Beach"",""right"":""Sandy shore""}]",,
E_SCI_L035_Q341,35,Water World,Water pollution makes water dirty.,TRUE,FALSE,,,TRUE,MCQ,,,
E_SCI_L035_Q342,35,Water World,Plastic can pollute water.,TRUE,FALSE,,,TRUE,MCQ,,,
E_SCI_L035_Q343,35,Water World,Can polluted water harm animals?,Yes,No,,,Yes,MCQ,,,
E_SCI_L035_Q344,35,Water World,Which causes water pollution?,Plastic,Sun,Clouds,Plants,Plastic,MCQ,,,
E_SCI_L035_Q345,35,Water World,Dirty water is called?,Clean water,Rainwater,Pollution,Freshwater,Pollution,MCQ,,,
E_SCI_L035_Q346,35,Water World,Which should not enter rivers?,Fish,Waste,Plants,Water,Waste,MCQ,,,
E_SCI_L035_Q347,35,Water World,Oil spills harm?,Clouds,Trees,Sea life,Mountains,Sea life,MCQ,,,
E_SCI_L035_Q348,35,Water World,Clean water helps?,Smoke,Dust,Noise,Health,Health,MCQ,,,
E_SCI_L035_Q349,35,Water World,Match the pollution cause.,,,,,,Match,"[{""left"":""Plastic"",""right"":""Waste""},{""left"":""Oil"",""right"":""Spill""},{""left"":""Chemicals"",""right"":""Pollution""},{""left"":""Trash"",""right"":""Litter""}]",,
E_SCI_L035_Q350,35,Water World,Match the clean water action.,,,,,,Match,"[{""left"":""Recycle"",""right"":""Reduce waste""},{""left"":""Clean rivers"",""right"":""Save water""},{""left"":""No plastic"",""right"":""Protect water""},{""left"":""Plant trees"",""right"":""Help nature""}]",,
E_SCI_L036_Q351,36,Water World,Saving water is important.,TRUE,FALSE,,,TRUE,MCQ,,,
E_SCI_L036_Q352,36,Water World,We should waste water.,TRUE,FALSE,,,FALSE,MCQ,,,
E_SCI_L036_Q353,36,Water World,Can we reuse water?,Yes,No,,,Yes,MCQ,,,
E_SCI_L036_Q354,36,Water World,How can we save water?,Waste water,Spill water,Close taps,Open taps,Close taps,MCQ,,,
E_SCI_L036_Q355,36,Water World,Which saves water?,Short shower,Open tap,Long shower,Water waste,Short shower,MCQ,,,
E_SCI_L036_Q356,36,Water World,Rainwater can be?,Wasted,Burned,Hidden,Collected,Collected,MCQ,,,
E_SCI_L036_Q357,36,Water World,Why save water?,Create smoke,Heat air,Protect Earth,Make noise,Protect Earth,MCQ,,,
E_SCI_L036_Q358,36,Water World,Who should save water?,Nobody,Clouds,Everyone,Animals,Everyone,MCQ,,,
E_SCI_L036_Q359,36,Water World,Match the water saving action.,,,,,,Match,"[{""left"":""Close tap"",""right"":""Save water""},{""left"":""Reuse water"",""right"":""Reduce waste""},{""left"":""Fix leaks"",""right"":""Stop loss""},{""left"":""Collect rain"",""right"":""Store water""}]",,
E_SCI_L036_Q360,36,Water World,Match the water use.,,,,,,Match,"[{""left"":""Drinking"",""right"":""Daily need""},{""left"":""Washing"",""right"":""Cleaning""},{""left"":""Plants"",""right"":""Watering""},{""left"":""Cooking"",""right"":""Food use""}]",,
E_SCI_L037_Q361,37,Water World: Review,Water turns into vapor by?,Freezing,Flowing,Evaporation,Melting,Evaporation,MCQ,,,
E_SCI_L037_Q362,37,Water World: Review,Fresh water has salt.,TRUE,FALSE,,,FALSE,MCQ,,,
E_SCI_L037_Q363,37,Water World: Review,Which animal lives in oceans?,Cow,Cat,Whale,Bird,Whale,MCQ,,,
E_SCI_L037_Q364,37,Water World: Review,Plastic causes water?,Pollution,Growth,Cleaning,Heat,Pollution,MCQ,,,
E_SCI_L037_Q365,37,Water World: Review,We should save water.,TRUE,FALSE,,,TRUE,MCQ,,,
E_SCI_L037_Q366,37,Water World: Review,Water falls from clouds as?,Smoke,Wind,Sand,Rain,Rain,MCQ,,,
E_SCI_L037_Q367,37,Water World: Review,Which stores fresh water?,Sea,Wave,Lake,Ocean,Lake,MCQ,,,
E_SCI_L037_Q368,37,Water World: Review,How can we save water?,Close taps,Open taps,Waste water,Spill water,Close taps,MCQ,,,
E_SCI_L037_Q369,37,Water World: Review,Match the water cycle step.,,,,,,Match,"[{""left"":""Evaporation"",""right"":""Water vapor""},{""left"":""Condensation"",""right"":""Cloud making""},{""left"":""Rainfall"",""right"":""Water drops""},{""left"":""Collection"",""right"":""Water storage""}]",,
E_SCI_L037_Q370,37,Water World: Review,Match the ocean feature.,,,,,,Match,"[{""left"":""Ocean"",""right"":""Salt water""},{""left"":""Wave"",""right"":""Moving water""},{""left"":""Coral"",""right"":""Sea home""},{""left"":""Beach"",""right"":""Sandy shore""}]",,
E_SCI_L038_Q371,38,Water World: Review,Water turns into vapor by?,Flowing,Evaporation,Melting,Freezing,Evaporation,MCQ,,,
E_SCI_L038_Q372,38,Water World: Review,Fresh water has salt.,TRUE,FALSE,,,FALSE,MCQ,,,
E_SCI_L038_Q373,38,Water World: Review,Which animal lives in oceans?,Cat,Bird,Whale,Cow,Whale,MCQ,,,
E_SCI_L038_Q374,38,Water World: Review,Plastic causes water?,Heat,Pollution,Growth,Cleaning,Pollution,MCQ,,,
E_SCI_L038_Q375,38,Water World: Review,We should save water.,TRUE,FALSE,,,TRUE,MCQ,,,
E_SCI_L038_Q376,38,Water World: Review,Water falls from clouds as?,Wind,Sand,Rain,Smoke,Rain,MCQ,,,
E_SCI_L038_Q377,38,Water World: Review,Which stores fresh water?,Wave,Lake,Sea,Ocean,Lake,MCQ,,,
E_SCI_L038_Q378,38,Water World: Review,How can we save water?,Close taps,Spill water,Open taps,Waste water,Close taps,MCQ,,,
E_SCI_L038_Q379,38,Water World: Review,Match the water cycle step.,,,,,,Match,"[{""left"":""Evaporation"",""right"":""Water vapor""},{""left"":""Condensation"",""right"":""Cloud making""},{""left"":""Rainfall"",""right"":""Water drops""},{""left"":""Collection"",""right"":""Water storage""}]",,
E_SCI_L038_Q380,38,Water World: Review,Match the ocean feature.,,,,,,Match,"[{""left"":""Ocean"",""right"":""Salt water""},{""left"":""Wave"",""right"":""Moving water""},{""left"":""Coral"",""right"":""Sea home""},{""left"":""Beach"",""right"":""Sandy shore""}]",,
E_SCI_L039_Q381,39,Water World: Review,The Sun helps the water cycle.,TRUE,FALSE,,,TRUE,MCQ,,,
E_SCI_L039_Q382,39,Water World: Review,Which is the largest water body?,River,Ocean,Pond,Lake,Ocean,MCQ,,,
E_SCI_L039_Q383,39,Water World: Review,Can polluted water harm fish?,Yes,No,,,Yes,MCQ,,,
E_SCI_L039_Q384,39,Water World: Review,Which action saves water?,Open tap,Close taps,Waste water,Long shower,Close taps,MCQ,,,
E_SCI_L039_Q385,39,Water World: Review,Which water is salty?,River,Ocean,Lake,Pond,Ocean,MCQ,,,
E_SCI_L039_Q386,39,Water World: Review,Water vapor changes into?,Sand,Smoke,Clouds,Rocks,Clouds,MCQ,,,
E_SCI_L039_Q387,39,Water World: Review,Which should stay out of rivers?,Trash,Fish,Boats,Water,Trash,MCQ,,,
E_SCI_L039_Q388,39,Water World: Review,Who should save water?,Everyone,Children,Farmers,Adults,Everyone,MCQ,,,
E_SCI_L039_Q389,39,Water World: Review,Match the water body.,,,,,,Match,"[{""left"":""Ocean"",""right"":""Salt water""},{""left"":""River"",""right"":""Flowing water""},{""left"":""Lake"",""right"":""Still water""},{""left"":""Pond"",""right"":""Small water""}]",,
E_SCI_L039_Q390,39,Water World: Review,Match the water action.,,,,,,Match,"[{""left"":""Evaporation"",""right"":""Water vapor""},{""left"":""Condensation"",""right"":""Clouds""},{""left"":""Recycle"",""right"":""Reduce waste""},{""left"":""Close tap"",""right"":""Save water""}]",,
E_SCI_L040_Q391,40,Weather Station,Clouds float in the sky.,TRUE,FALSE,,,TRUE,MCQ,,,
E_SCI_L040_Q392,40,Weather Station,Clouds are made of tiny water drops.,TRUE,FALSE,,,TRUE,MCQ,,,
E_SCI_L040_Q393,40,Weather Station,Can clouds bring rain?,Yes,No,,,Yes,MCQ,,,
E_SCI_L040_Q394,40,Weather Station,Where do clouds form?,Cave,Ground,Sky,Ocean,Sky,MCQ,,,
E_SCI_L040_Q395,40,Weather Station,Which cloud is dark and rainy?,Fog,Cumulus,Cirrus,Rain cloud,Rain cloud,MCQ,,,
E_SCI_L040_Q396,40,Weather Station,Which cloud is white and fluffy?,Fog,Storm cloud,Cirrus,Cumulus,Cumulus,MCQ,,,
E_SCI_L040_Q397,40,Weather Station,Clouds are made from?,Dust,Water drops,Smoke,Sand,Water drops,MCQ,,,
E_SCI_L040_Q398,40,Weather Station,What color are most fair-weather clouds?,White,Black,Red,Green,White,MCQ,,,
E_SCI_L040_Q399,40,Weather Station,Match the cloud type.,,,,,,Match,"[{""left"":""Cumulus"",""right"":""Fluffy""},{""left"":""Rain cloud"",""right"":""Rain""},{""left"":""Cirrus"",""right"":""Thin""},{""left"":""Fog"",""right"":""Ground cloud""}]",,
E_SCI_L040_Q400,40,Weather Station,Match the weather word.,,,,,,Match,"[{""left"":""Cloud"",""right"":""Sky""},{""left"":""Rain"",""right"":""Water""},{""left"":""Sun"",""right"":""Heat""},{""left"":""Wind"",""right"":""Air""}]",,
E_SCI_L041_Q401,41,Weather Station,Rain falls from clouds.,TRUE,FALSE,,,TRUE,MCQ,,,
E_SCI_L041_Q402,41,Weather Station,The Sun helps make rain.,TRUE,FALSE,,,TRUE,MCQ,,,
E_SCI_L041_Q403,41,Weather Station,Can rain help plants grow?,Yes,No,,,Yes,MCQ,,,
E_SCI_L041_Q404,41,Weather Station,Water changes into vapor by?,Freezing,Evaporation,Boiling,Melting,Evaporation,MCQ,,,
E_SCI_L041_Q405,41,Weather Station,Water vapor forms?,Clouds,Rocks,Trees,Soil,Clouds,MCQ,,,
E_SCI_L041_Q406,41,Weather Station,Frozen rain is called?,Fog,Hail,Snow,Dew,Hail,MCQ,,,
E_SCI_L041_Q407,41,Weather Station,Which weather brings rain?,Stars,Wind,Clouds,Sunshine,Clouds,MCQ,,,
E_SCI_L041_Q408,41,Weather Station,Rainwater collects in?,Rivers,Ovens,Roads,Roofs,Rivers,MCQ,,,
E_SCI_L041_Q409,41,Weather Station,Match the water cycle.,,,,,,Match,"[{""left"":""Evaporation"",""right"":""Water vapor""},{""left"":""Condensation"",""right"":""Clouds""},{""left"":""Rainfall"",""right"":""Rain""},{""left"":""Collection"",""right"":""Rivers""}]",,
E_SCI_L041_Q410,41,Weather Station,Match the weather word.,,,,,,Match,"[{""left"":""Rain"",""right"":""Water drops""},{""left"":""Snow"",""right"":""Ice flakes""},{""left"":""Hail"",""right"":""Ice balls""},{""left"":""Dew"",""right"":""Morning drops""}]",,
E_SCI_L042_Q411,42,Weather Station,Thunderstorms have lightning.,TRUE,FALSE,,,TRUE,MCQ,,,
E_SCI_L042_Q412,42,Weather Station,Lightning is safe to touch.,TRUE,FALSE,,,FALSE,MCQ,,,
E_SCI_L042_Q413,42,Weather Station,Should you stay indoors during a storm?,Yes,No,,,Yes,MCQ,,,
E_SCI_L042_Q414,42,Weather Station,Which weather has thunder?,Foggy,Sunny,Thunderstorm,Cloudy,Thunderstorm,MCQ,,,
E_SCI_L042_Q415,42,Weather Station,Strong spinning winds are called?,Hurricane,Breeze,Rainbow,Tornado,Tornado,MCQ,,,
E_SCI_L042_Q416,42,Weather Station,Which weather brings heavy rain and strong winds?,Hurricane,Snow,Fog,Sunny,Hurricane,MCQ,,,
E_SCI_L042_Q417,42,Weather Station,What comes before thunder?,Wind,Rain,Snow,Lightning,Lightning,MCQ,,,
E_SCI_L042_Q418,42,Weather Station,What should you avoid during a storm?,Home,Tall trees,Raincoat,Shelter,Tall trees,MCQ,,,
E_SCI_L042_Q419,42,Weather Station,Match the weather event.,,,,,,Match,"[{""left"":""Thunderstorm"",""right"":""Thunder""},{""left"":""Lightning"",""right"":""Bright flash""},{""left"":""Tornado"",""right"":""Spinning wind""},{""left"":""Hurricane"",""right"":""Strong storm""}]",,
E_SCI_L042_Q420,42,Weather Station,Match the safety rule.,,,,,,Match,"[{""left"":""Stay indoors"",""right"":""Storm safety""},{""left"":""Avoid trees"",""right"":""Lightning safety""},{""left"":""Listen radio"",""right"":""Weather news""},{""left"":""Stay calm"",""right"":""Safe action""}]",,
E_SCI_L043_Q421,43,Weather Station,A thermometer measures temperature.,TRUE,FALSE,,,TRUE,MCQ,,,
E_SCI_L043_Q422,43,Weather Station,A rain gauge measures rainfall.,TRUE,FALSE,,,TRUE,MCQ,,,
E_SCI_L043_Q423,43,Weather Station,Can a wind vane show wind direction?,Yes,No,,,Yes,MCQ,,,
E_SCI_L043_Q424,43,Weather Station,Which instrument measures temperature?,Thermometer,Rain gauge,Wind vane,Barometer,Thermometer,MCQ,,,
E_SCI_L043_Q425,43,Weather Station,Which instrument measures rainfall?,Thermometer,Anemometer,Barometer,Rain gauge,Rain gauge,MCQ,,,
E_SCI_L043_Q426,43,Weather Station,Which instrument measures wind speed?,Barometer,Rain gauge,Anemometer,Thermometer,Anemometer,MCQ,,,
E_SCI_L043_Q427,43,Weather Station,Which instrument shows wind direction?,Barometer,Thermometer,Compass,Wind vane,Wind vane,MCQ,,,
E_SCI_L043_Q428,43,Weather Station,Which instrument measures air pressure?,Rain gauge,Anemometer,Thermometer,Barometer,Barometer,MCQ,,,
E_SCI_L043_Q429,43,Weather Station,Match the instrument.,,,,,,Match,"[{""left"":""Thermometer"",""right"":""Temperature""},{""left"":""Rain gauge"",""right"":""Rainfall""},{""left"":""Anemometer"",""right"":""Wind speed""},{""left"":""Wind vane"",""right"":""Wind direction""}]",,
E_SCI_L043_Q430,43,Weather Station,Match the weather tool.,,,,,,Match,"[{""left"":""Barometer"",""right"":""Air pressure""},{""left"":""Thermometer"",""right"":""Heat""},{""left"":""Rain gauge"",""right"":""Rain""},{""left"":""Wind vane"",""right"":""Wind""}]",,
E_SCI_L044_Q431,44,Weather Station,A weather forecast tells future weather.,TRUE,FALSE,,,TRUE,MCQ,,,
E_SCI_L044_Q432,44,Weather Station,You should ignore weather warnings.,TRUE,FALSE,,,FALSE,MCQ,,,
E_SCI_L044_Q433,44,Weather Station,Should you carry an umbrella on a rainy day?,Yes,No,,,Yes,MCQ,,,
E_SCI_L044_Q434,44,Weather Station,Who studies the weather?,Farmer,Meteorologist,Doctor,Pilot,Meteorologist,MCQ,,,
E_SCI_L044_Q435,44,Weather Station,What should you wear on a cold day?,T-shirt,Sandals,Jacket,Shorts,Jacket,MCQ,,,
E_SCI_L044_Q436,44,Weather Station,What should you use on a sunny day?,Scarf,Sunscreen,Blanket,Umbrella,Sunscreen,MCQ,,,
E_SCI_L044_Q437,44,Weather Station,Which weather is best for flying kites?,Snowy,Windy,Rainy,Stormy,Windy,MCQ,,,
E_SCI_L044_Q438,44,Weather Station,Where can you check today's weather?,Forecast,Map,Book,Clock,Forecast,MCQ,,,
E_SCI_L044_Q439,44,Weather Station,Match the weather with the item.,,,,,,Match,"[{""left"":""Rainy"",""right"":""Umbrella""},{""left"":""Sunny"",""right"":""Sunscreen""},{""left"":""Cold"",""right"":""Jacket""},{""left"":""Windy"",""right"":""Kite""}]",,
E_SCI_L044_Q440,44,Weather Station,Match the weather with the action.,,,,,,Match,"[{""left"":""Storm"",""right"":""Stay indoors""},{""left"":""Rain"",""right"":""Carry umbrella""},{""left"":""Sunny"",""right"":""Drink water""},{""left"":""Snow"",""right"":""Wear boots""}]",,
E_SCI_L045_Q441,45,Weather Station: Review,Clouds are made of?,Smoke,Sand,Water drops,Dust,Water drops,MCQ,,,
E_SCI_L045_Q442,45,Weather Station: Review,Rain falls from?,Clouds,Plants,Oceans,Rivers,Clouds,MCQ,,,
E_SCI_L045_Q443,45,Weather Station: Review,Which weather has thunder?,Thunderstorm,Sunny,Cloudy,Foggy,Thunderstorm,MCQ,,,
E_SCI_L045_Q444,45,Weather Station: Review,Which tool measures temperature?,Rain gauge,Thermometer,Anemometer,Barometer,Thermometer,MCQ,,,
E_SCI_L045_Q445,45,Weather Station: Review,Who studies weather?,Teacher,Farmer,Doctor,Meteorologist,Meteorologist,MCQ,,,
E_SCI_L045_Q446,45,Weather Station: Review,Can clouds bring rain?,Yes,No,,,Yes,MCQ,,,
E_SCI_L045_Q447,45,Weather Station: Review,Which measures rainfall?,Rain gauge,Thermometer,Compass,Barometer,Rain gauge,MCQ,,,
E_SCI_L045_Q448,45,Weather Station: Review,Best place during a storm?,Tree,Rooftop,Playground,Indoors,Indoors,MCQ,,,
E_SCI_L045_Q449,45,Weather Station: Review,Match the weather tool.,,,,,,Match,"[{""left"":""Thermometer"",""right"":""Temperature""},{""left"":""Rain gauge"",""right"":""Rainfall""},{""left"":""Wind vane"",""right"":""Wind direction""},{""left"":""Anemometer"",""right"":""Wind speed""}]",,
E_SCI_L045_Q450,45,Weather Station: Review,Match the weather type.,,,,,,Match,"[{""left"":""Sunny"",""right"":""Bright sun""},{""left"":""Rainy"",""right"":""Falling rain""},{""left"":""Cloudy"",""right"":""Many clouds""},{""left"":""Stormy"",""right"":""Thunder""}]",,
E_SCI_L046_Q451,46,Weather Station: Review,Which cloud brings rain?,Fog,Cumulus,Rain cloud,Cirrus,Rain cloud,MCQ,,,
E_SCI_L046_Q452,46,Weather Station: Review,Frozen rain is called?,Hail,Snow,Fog,Dew,Hail,MCQ,,,
E_SCI_L046_Q453,46,Weather Station: Review,Lightning comes before thunder.,TRUE,FALSE,,,TRUE,MCQ,,,
E_SCI_L046_Q454,46,Weather Station: Review,Which tool measures wind speed?,Anemometer,Thermometer,Rain gauge,Barometer,Anemometer,MCQ,,,
E_SCI_L046_Q455,46,Weather Station: Review,What should you carry on a rainy day?,Jacket,Scarf,Umbrella,Hat,Umbrella,MCQ,,,
E_SCI_L046_Q456,46,Weather Station: Review,Clouds form by?,Evaporation,Condensation,Melting,Freezing,Condensation,MCQ,,,
E_SCI_L046_Q457,46,Weather Station: Review,Which tool measures air pressure?,Wind vane,Rain gauge,Thermometer,Barometer,Barometer,MCQ,,,
E_SCI_L046_Q458,46,Weather Station: Review,Which weather is good for kite flying?,Rainy,Stormy,Windy,Snowy,Windy,MCQ,,,
E_SCI_L046_Q459,46,Weather Station: Review,Match the storm event.,,,,,,Match,"[{""left"":""Lightning"",""right"":""Bright flash""},{""left"":""Thunder"",""right"":""Loud sound""},{""left"":""Tornado"",""right"":""Spinning wind""},{""left"":""Hurricane"",""right"":""Strong storm""}]",,
E_SCI_L046_Q460,46,Weather Station: Review,Match the weather safety.,,,,,,Match,"[{""left"":""Storm"",""right"":""Stay indoors""},{""left"":""Rain"",""right"":""Use umbrella""},{""left"":""Cold"",""right"":""Wear jacket""},{""left"":""Sunny"",""right"":""Use sunscreen""}]",,
E_SCI_L047_Q461,47,Weather Station: Review,White fluffy clouds are?,Fog,Rain cloud,Cumulus,Cirrus,Cumulus,MCQ,,,
E_SCI_L047_Q462,47,Weather Station: Review,Rain helps plants grow.,TRUE,FALSE,,,TRUE,MCQ,,,
E_SCI_L047_Q463,47,Weather Station: Review,Should you stand under a tree during lightning?,Yes,No,,,No,MCQ,,,
E_SCI_L047_Q464,47,Weather Station: Review,Which tool shows wind direction?,Anemometer,Barometer,Wind vane,Thermometer,Wind vane,MCQ,,,
E_SCI_L047_Q465,47,Weather Station: Review,Who gives weather forecasts?,Pilot,Meteorologist,Teacher,Doctor,Meteorologist,MCQ,,,
E_SCI_L047_Q466,47,Weather Station: Review,Which weather has strong winds?,Stormy,Sunny,Cloudy,Foggy,Stormy,MCQ,,,
E_SCI_L047_Q467,47,Weather Station: Review,Which tool measures rainfall?,Rain gauge,Thermometer,Compass,Barometer,Rain gauge,MCQ,,,
E_SCI_L047_Q468,47,Weather Station: Review,What should you wear on a cold day?,Sandals,Cap,Jacket,Shorts,Jacket,MCQ,,,
E_SCI_L047_Q469,47,Weather Station: Review,Match the weather instrument.,,,,,,Match,"[{""left"":""Thermometer"",""right"":""Temperature""},{""left"":""Barometer"",""right"":""Air pressure""},{""left"":""Rain gauge"",""right"":""Rainfall""},{""left"":""Wind vane"",""right"":""Wind direction""}]",,
E_SCI_L047_Q470,47,Weather Station: Review,Match the weather condition.,,,,,,Match,"[{""left"":""Sunny"",""right"":""Bright day""},{""left"":""Cloudy"",""right"":""Many clouds""},{""left"":""Rainy"",""right"":""Wet weather""},{""left"":""Windy"",""right"":""Moving air""}]",,
E_SCI_L048_Q471,48,Space Adventure,The Sun is at the center of the Solar System.,TRUE,FALSE,,,TRUE,MCQ,,,
E_SCI_L048_Q472,48,Space Adventure,Earth is part of the Solar System.,TRUE,FALSE,,,TRUE,MCQ,,,
E_SCI_L048_Q473,48,Space Adventure,Do planets orbit the Sun?,Yes,No,,,Yes,MCQ,,,
E_SCI_L048_Q474,48,Space Adventure,What is at the center of the Solar System?,Sun,Earth,Moon,Mars,Sun,MCQ,,,
E_SCI_L048_Q475,48,Space Adventure,How many planets are in the Solar System?,Nine,Seven,Ten,Eight,Eight,MCQ,,,
E_SCI_L048_Q476,48,Space Adventure,What do planets move around?,Earth,Sun,Moon,Stars,Sun,MCQ,,,
E_SCI_L048_Q477,48,Space Adventure,Which is a planet?,Moon,Star,Sun,Earth,Earth,MCQ,,,
E_SCI_L048_Q478,48,Space Adventure,What gives Earth light?,Sun,Venus,Mars,Moon,Sun,MCQ,,,
E_SCI_L048_Q479,48,Space Adventure,Match the space object.,,,,,,Match,"[{""left"":""Sun"",""right"":""Center""},{""left"":""Earth"",""right"":""Planet""},{""left"":""Moon"",""right"":""Satellite""},{""left"":""Mars"",""right"":""Planet""}]",,
E_SCI_L048_Q480,48,Space Adventure,Match the Solar System word.,,,,,,Match,"[{""left"":""Sun"",""right"":""Star""},{""left"":""Planet"",""right"":""Orbits Sun""},{""left"":""Moon"",""right"":""Orbits Earth""},{""left"":""Space"",""right"":""Universe""}]",,
E_SCI_L049_Q481,49,Space Adventure,Earth is the third planet from the Sun.,TRUE,FALSE,,,TRUE,MCQ,,,
E_SCI_L049_Q482,49,Space Adventure,Jupiter is the largest planet.,TRUE,FALSE,,,TRUE,MCQ,,,
E_SCI_L049_Q483,49,Space Adventure,Does Saturn have rings?,Yes,No,,,Yes,MCQ,,,
E_SCI_L049_Q484,49,Space Adventure,Which planet do we live on?,Earth,Venus,Jupiter,Mars,Earth,MCQ,,,
E_SCI_L049_Q485,49,Space Adventure,Which planet is closest to the Sun?,Venus,Mars,Mercury,Earth,Mercury,MCQ,,,
E_SCI_L049_Q486,49,Space Adventure,Which planet is called the Red Planet?,Earth,Mars,Saturn,Venus,Mars,MCQ,,,
E_SCI_L049_Q487,49,Space Adventure,Which planet has beautiful rings?,Jupiter,Saturn,Neptune,Mercury,Saturn,MCQ,,,
E_SCI_L049_Q488,49,Space Adventure,Which is the largest planet?,Mars,Earth,Jupiter,Venus,Jupiter,MCQ,,,
E_SCI_L049_Q489,49,Space Adventure,Match the planet.,,,,,,Match,"[{""left"":""Mercury"",""right"":""Closest Sun""},{""left"":""Earth"",""right"":""Our home""},{""left"":""Mars"",""right"":""Red Planet""},{""left"":""Saturn"",""right"":""Has rings""}]",,
E_SCI_L049_Q490,49,Space Adventure,Match the planet fact.,,,,,,Match,"[{""left"":""Jupiter"",""right"":""Largest""},{""left"":""Venus"",""right"":""Second planet""},{""left"":""Neptune"",""right"":""Farthest""},{""left"":""Earth"",""right"":""Life""}]",,
E_SCI_L050_Q491,50,Space Adventure,The Moon orbits Earth.,TRUE,FALSE,,,TRUE,MCQ,,,
E_SCI_L050_Q492,50,Space Adventure,The Moon makes its own light.,TRUE,FALSE,,,FALSE,MCQ,,,
E_SCI_L050_Q493,50,Space Adventure,Can we see a Full Moon?,Yes,No,,,Yes,MCQ,,,
E_SCI_L050_Q494,50,Space Adventure,Earth has one?,Planet,Moon,Star,Sun,Moon,MCQ,,,
E_SCI_L050_Q495,50,Space Adventure,Which Moon phase is fully bright?,Crescent,New Moon,Half Moon,Full Moon,Full Moon,MCQ,,,
E_SCI_L050_Q496,50,Space Adventure,Which phase is mostly dark?,Full Moon,Crescent,New Moon,Half Moon,New Moon,MCQ,,,
E_SCI_L050_Q497,50,Space Adventure,The Moon shines by reflecting?,Starlight,Fire,Lightning,Sunlight,Sunlight,MCQ,,,
E_SCI_L050_Q498,50,Space Adventure,Which phase looks like a banana?,Half Moon,New Moon,Full Moon,Crescent,Crescent,MCQ,,,
E_SCI_L050_Q499,50,Space Adventure,Match the Moon phase.,,,,,,Match,"[{""left"":""Full Moon"",""right"":""Round""},{""left"":""New Moon"",""right"":""Dark""},{""left"":""Half Moon"",""right"":""Half lit""},{""left"":""Crescent"",""right"":""Curved""}]",,
E_SCI_L050_Q500,50,Space Adventure,Match the space object.,,,,,,Match,"[{""left"":""Moon"",""right"":""Earth orbits""},{""left"":""Earth"",""right"":""Our planet""},{""left"":""Sun"",""right"":""Gives light""},{""left"":""Stars"",""right"":""Twinkle""}]",,
E_SCI_L051_Q501,51,Space Adventure,A solar eclipse happens when the Moon blocks the Sun.,TRUE,FALSE,,,TRUE,MCQ,,,
E_SCI_L051_Q502,51,Space Adventure,A lunar eclipse happens when Earth blocks sunlight to the Moon.,TRUE,FALSE,,,TRUE,MCQ,,,
E_SCI_L051_Q503,51,Space Adventure,Should you look directly at a solar eclipse?,Yes,No,,,No,MCQ,,,
E_SCI_L051_Q504,51,Space Adventure,What blocks the Sun in a solar eclipse?,Venus,Earth,Moon,Mars,Moon,MCQ,,,
E_SCI_L051_Q505,51,Space Adventure,What becomes dark during a lunar eclipse?,Earth,Mars,Sun,Moon,Moon,MCQ,,,
E_SCI_L051_Q506,51,Space Adventure,Which eclipse needs eye protection?,Solar,Lunar,Both,,Solar,MCQ,,,
E_SCI_L051_Q507,51,Space Adventure,Earth's shadow falls on the?,Moon,Venus,Mars,Sun,Moon,MCQ,,,
E_SCI_L051_Q508,51,Space Adventure,The Moon's shadow falls on the?,Jupiter,Earth,Sun,Mars,Earth,MCQ,,,
E_SCI_L051_Q509,51,Space Adventure,Match the eclipse.,,,,,,Match,"[{""left"":""Solar eclipse"",""right"":""Moon blocks Sun""},{""left"":""Lunar eclipse"",""right"":""Earth blocks light""},{""left"":""Moon"",""right"":""Natural satellite""},{""left"":""Sun"",""right"":""Star""}]",,
E_SCI_L051_Q510,51,Space Adventure,Match the space object.,,,,,,Match,"[{""left"":""Sun"",""right"":""Gives light""},{""left"":""Earth"",""right"":""Our planet""},{""left"":""Moon"",""right"":""Orbits Earth""},{""left"":""Shadow"",""right"":""Blocks light""}]",,
E_SCI_L052_Q511,52,Space Adventure,Stars make their own light.,TRUE,FALSE,,,TRUE,MCQ,,,
E_SCI_L052_Q512,52,Space Adventure,The North Star helps find direction.,TRUE,FALSE,,,TRUE,MCQ,,,
E_SCI_L052_Q513,52,Space Adventure,Can we see stars at night?,Yes,No,,,Yes,MCQ,,,
E_SCI_L052_Q514,52,Space Adventure,A group of stars is called?,Comet,Planet,Galaxy,Constellation,Constellation,MCQ,,,
E_SCI_L052_Q515,52,Space Adventure,Which constellation is famous?,Venus,Orion,Earth,Mars,Orion,MCQ,,,
E_SCI_L052_Q516,52,Space Adventure,Which star helps find north?,Rigel,Polaris,Vega,Sirius,Polaris,MCQ,,,
E_SCI_L052_Q517,52,Space Adventure,Stars appear to?,Fall,Float,Spin,Twinkle,Twinkle,MCQ,,,
E_SCI_L052_Q518,52,Space Adventure,What is the Sun?,Moon,Planet,Star,Comet,Star,MCQ,,,
E_SCI_L052_Q519,52,Space Adventure,Match the space object.,,,,,,Match,"[{""left"":""Polaris"",""right"":""North Star""},{""left"":""Orion"",""right"":""Constellation""},{""left"":""Sun"",""right"":""Star""},{""left"":""Earth"",""right"":""Planet""}]",,
E_SCI_L052_Q520,52,Space Adventure,Match the space word.,,,,,,Match,"[{""left"":""Constellation"",""right"":""Star group""},{""left"":""Galaxy"",""right"":""Star system""},{""left"":""Comet"",""right"":""Ice body""},{""left"":""Planet"",""right"":""Orbits Sun""}]",,
E_SCI_L053_Q521,53,Space Adventure: Review,What is at the center of the Solar System?,Mars,Sun,Moon,Earth,Sun,MCQ,,,
E_SCI_L053_Q522,53,Space Adventure: Review,Which planet has rings?,Jupiter,Saturn,Earth,Mars,Saturn,MCQ,,,
E_SCI_L053_Q523,53,Space Adventure: Review,The Moon reflects sunlight.,TRUE,FALSE,,,TRUE,MCQ,,,
E_SCI_L053_Q524,53,Space Adventure: Review,What blocks the Sun during a solar eclipse?,Earth,Venus,Mars,Moon,Moon,MCQ,,,
E_SCI_L053_Q525,53,Space Adventure: Review,What is the Sun?,Moon,Star,Planet,Comet,Star,MCQ,,,
E_SCI_L053_Q526,53,Space Adventure: Review,Which planet is our home?,Earth,Venus,Mars,Jupiter,Earth,MCQ,,,
E_SCI_L053_Q527,53,Space Adventure: Review,Which Moon phase is fully bright?,New Moon,Full Moon,Half Moon,Crescent,Full Moon,MCQ,,,
E_SCI_L053_Q528,53,Space Adventure: Review,Which star helps find north?,Polaris,Rigel,Vega,Sirius,Polaris,MCQ,,,
E_SCI_L053_Q529,53,Space Adventure: Review,Match the planet.,,,,,,Match,"[{""left"":""Mercury"",""right"":""Closest Sun""},{""left"":""Earth"",""right"":""Our home""},{""left"":""Mars"",""right"":""Red Planet""},{""left"":""Jupiter"",""right"":""Largest""}]",,
E_SCI_L053_Q530,53,Space Adventure: Review,Match the eclipse.,,,,,,Match,"[{""left"":""Solar eclipse"",""right"":""Moon blocks Sun""},{""left"":""Lunar eclipse"",""right"":""Earth blocks light""},{""left"":""Sun"",""right"":""Star""},{""left"":""Moon"",""right"":""Natural satellite""}]",,
E_SCI_L054_Q531,54,Space Adventure: Review,How many planets are in the Solar System?,Seven,Eight,Ten,Nine,Eight,MCQ,,,
E_SCI_L054_Q532,54,Space Adventure: Review,Which is the Red Planet?,Earth,Saturn,Mars,Venus,Mars,MCQ,,,
E_SCI_L054_Q533,54,Space Adventure: Review,Can we see a Full Moon?,Yes,No,,,Yes,MCQ,,,
E_SCI_L054_Q534,54,Space Adventure: Review,Which eclipse needs eye protection?,Solar,Lunar,Both,,Solar,MCQ,,,
E_SCI_L054_Q535,54,Space Adventure: Review,A group of stars is called?,Comet,Constellation,Asteroid,Galaxy,Constellation,MCQ,,,
E_SCI_L054_Q536,54,Space Adventure: Review,Which planet is closest to the Sun?,Mars,Venus,Mercury,Earth,Mercury,MCQ,,,
E_SCI_L054_Q537,54,Space Adventure: Review,What is the Moon?,Comet,Star,Satellite,Planet,Satellite,MCQ,,,
E_SCI_L054_Q538,54,Space Adventure: Review,Stars appear to?,Spin,Fall,Twinkle,Float,Twinkle,MCQ,,,
E_SCI_L054_Q539,54,Space Adventure: Review,Match the Moon phase.,,,,,,Match,"[{""left"":""Full Moon"",""right"":""Round""},{""left"":""New Moon"",""right"":""Dark""},{""left"":""Half Moon"",""right"":""Half lit""},{""left"":""Crescent"",""right"":""Curved""}]",,
E_SCI_L054_Q540,54,Space Adventure: Review,Match the space object.,,,,,,Match,"[{""left"":""Sun"",""right"":""Star""},{""left"":""Earth"",""right"":""Planet""},{""left"":""Moon"",""right"":""Satellite""},{""left"":""Polaris"",""right"":""North Star""}]",,
E_SCI_L055_Q541,55,Space Adventure: Review,The Sun is a star.,TRUE,FALSE,,,TRUE,MCQ,,,
E_SCI_L055_Q542,55,Space Adventure: Review,Which planet is the largest?,Mars,Earth,Jupiter,Venus,Jupiter,MCQ,,,
E_SCI_L055_Q543,55,Space Adventure: Review,Which Moon phase is mostly dark?,Full Moon,New Moon,Crescent,Half Moon,New Moon,MCQ,,,
E_SCI_L055_Q544,55,Space Adventure: Review,Earth's shadow falls on the?,Sun,Mars,Venus,Moon,Moon,MCQ,,,
E_SCI_L055_Q545,55,Space Adventure: Review,Which star helps find north?,Vega,Rigel,Sirius,Polaris,Polaris,MCQ,,,
E_SCI_L055_Q546,55,Space Adventure: Review,What gives Earth light?,Sun,Mars,Stars,Moon,Sun,MCQ,,,
E_SCI_L055_Q547,55,Space Adventure: Review,Which planet has rings?,Mars,Venus,Saturn,Jupiter,Saturn,MCQ,,,
E_SCI_L055_Q548,55,Space Adventure: Review,Should you look at a solar eclipse directly?,Maybe,No,Yes,Sometimes,No,MCQ,,,
E_SCI_L055_Q549,55,Space Adventure: Review,Match the Solar System.,,,,,,Match,"[{""left"":""Sun"",""right"":""Center""},{""left"":""Earth"",""right"":""Planet""},{""left"":""Moon"",""right"":""Satellite""},{""left"":""Mars"",""right"":""Red Planet""}]",,
E_SCI_L055_Q550,55,Space Adventure: Review,Match the space term.,,,,,,Match,"[{""left"":""Constellation"",""right"":""Star group""},{""left"":""Galaxy"",""right"":""Star system""},{""left"":""Comet"",""right"":""Ice body""},{""left"":""Polaris"",""right"":""North Star""}]",,
E_SCI_L056_Q551,56,Energy Explorer,The Sun gives us heat.,TRUE,FALSE,,,TRUE,MCQ,,,
E_SCI_L056_Q552,56,Energy Explorer,Ice is hotter than fire.,TRUE,FALSE,,,FALSE,MCQ,,,
E_SCI_L056_Q553,56,Energy Explorer,Can fire produce heat?,Yes,No,,,Yes,MCQ,,,
E_SCI_L056_Q554,56,Energy Explorer,Which is a source of heat?,Star,Moon,Sun,Cloud,Sun,MCQ,,,
E_SCI_L056_Q555,56,Energy Explorer,Which object is usually hot?,Fire,Snow,Rain,Ice,Fire,MCQ,,,
E_SCI_L056_Q556,56,Energy Explorer,Which feels cold?,Sun,Oven,Fire,Ice,Ice,MCQ,,,
E_SCI_L056_Q557,56,Energy Explorer,Which appliance gives heat?,Radio,Fan,Heater,Clock,Heater,MCQ,,,
E_SCI_L056_Q558,56,Energy Explorer,What should you avoid touching?,Hot stove,Cold water,Paper,Soft toy,Hot stove,MCQ,,,
E_SCI_L056_Q559,56,Energy Explorer,Match the heat source.,,,,,,Match,"[{""left"":""Sun"",""right"":""Natural heat""},{""left"":""Fire"",""right"":""Hot flames""},{""left"":""Heater"",""right"":""Warms room""},{""left"":""Oven"",""right"":""Cooks food""}]",,
E_SCI_L056_Q560,56,Energy Explorer,Match the temperature.,,,,,,Match,"[{""left"":""Ice"",""right"":""Cold""},{""left"":""Fire"",""right"":""Hot""},{""left"":""Snow"",""right"":""Cold""},{""left"":""Sun"",""right"":""Warm""}]",,
E_SCI_L057_Q561,57,Energy Explorer,The Sun is a natural light source.,TRUE,FALSE,,,TRUE,MCQ,,,
E_SCI_L057_Q562,57,Energy Explorer,A light bulb gives light.,TRUE,FALSE,,,TRUE,MCQ,,,
E_SCI_L057_Q563,57,Energy Explorer,Can we see without light?,Yes,No,,,No,MCQ,,,
E_SCI_L057_Q564,57,Energy Explorer,Which is a natural light source?,Torch,Sun,Lamp,Moon,Sun,MCQ,,,
E_SCI_L057_Q565,57,Energy Explorer,Which is an artificial light source?,Firefly,Bulb,Sun,Star,Bulb,MCQ,,,
E_SCI_L057_Q566,57,Energy Explorer,What forms when light is blocked?,Wind,Shadow,Cloud,Rain,Shadow,MCQ,,,
E_SCI_L057_Q567,57,Energy Explorer,Which helps us see at night?,Book,Torch,Fan,Umbrella,Torch,MCQ,,,
E_SCI_L057_Q568,57,Energy Explorer,Which object lets light pass through?,Wood,Brick,Glass,Metal,Glass,MCQ,,,
E_SCI_L057_Q569,57,Energy Explorer,Match the light source.,,,,,,Match,"[{""left"":""Sun"",""right"":""Natural light""},{""left"":""Bulb"",""right"":""Electric light""},{""left"":""Torch"",""right"":""Portable light""},{""left"":""Candle"",""right"":""Flame light""}]",,
E_SCI_L057_Q570,57,Energy Explorer,Match the light word.,,,,,,Match,"[{""left"":""Shadow"",""right"":""Blocked light""},{""left"":""Glass"",""right"":""Transparent""},{""left"":""Mirror"",""right"":""Reflects light""},{""left"":""Darkness"",""right"":""No light""}]",,
E_SCI_L058_Q571,58,Energy Explorer,Sound is made by vibrations.,TRUE,FALSE,,,TRUE,MCQ,,,
E_SCI_L058_Q572,58,Energy Explorer,Space has no sound.,TRUE,FALSE,,,TRUE,MCQ,,,
E_SCI_L058_Q573,58,Energy Explorer,Can we hear with our ears?,Yes,No,,,Yes,MCQ,,,
E_SCI_L058_Q574,58,Energy Explorer,Which makes sound?,Cloud,Leaf,Bell,Rock,Bell,MCQ,,,
E_SCI_L058_Q575,58,Energy Explorer,Which is a loud sound?,Breeze,Thunder,Whisper,Leaves,Thunder,MCQ,,,
E_SCI_L058_Q576,58,Energy Explorer,Which is a soft sound?,Whisper,Siren,Thunder,Horn,Whisper,MCQ,,,
E_SCI_L058_Q577,58,Energy Explorer,What do we use to hear?,Nose,Ears,Eyes,Hands,Ears,MCQ,,,
E_SCI_L058_Q578,58,Energy Explorer,Very loud sounds can hurt?,Hair,Teeth,Eyes,Ears,Ears,MCQ,,,
E_SCI_L058_Q579,58,Energy Explorer,Match the sound source.,,,,,,Match,"[{""left"":""Bell"",""right"":""Rings""},{""left"":""Drum"",""right"":""Beats""},{""left"":""Guitar"",""right"":""Strings""},{""left"":""Whistle"",""right"":""Blows""}]",,
E_SCI_L058_Q580,58,Energy Explorer,Match the sound type.,,,,,,Match,"[{""left"":""Thunder"",""right"":""Loud""},{""left"":""Whisper"",""right"":""Soft""},{""left"":""Horn"",""right"":""Warning""},{""left"":""Music"",""right"":""Pleasant""}]",,
E_SCI_L059_Q581,59,Energy Explorer,Electricity powers many appliances.,TRUE,FALSE,,,TRUE,MCQ,,,
E_SCI_L059_Q582,59,Energy Explorer,It is safe to touch bare wires.,TRUE,FALSE,,,FALSE,MCQ,,,
E_SCI_L059_Q583,59,Energy Explorer,Should you switch off unused lights?,Yes,No,,,Yes,MCQ,,,
E_SCI_L059_Q584,59,Energy Explorer,Which appliance uses electricity?,Spoon,Chair,Book,Fan,Fan,MCQ,,,
E_SCI_L059_Q585,59,Energy Explorer,Which stores electrical energy?,Plate,Cup,Pencil,Battery,Battery,MCQ,,,
E_SCI_L059_Q586,59,Energy Explorer,Which should stay dry?,Book,Hat,Plug,Towel,Plug,MCQ,,,
E_SCI_L059_Q587,59,Energy Explorer,Which can produce electricity?,Bicycle,Ball,Generator,Table,Generator,MCQ,,,
E_SCI_L059_Q588,59,Energy Explorer,Which action saves electricity?,Read book,Open door,Turn off,Leave on,Turn off,MCQ,,,
E_SCI_L059_Q589,59,Energy Explorer,Match the electrical item.,,,,,,Match,"[{""left"":""Battery"",""right"":""Stores energy""},{""left"":""Bulb"",""right"":""Gives light""},{""left"":""Fan"",""right"":""Moves air""},{""left"":""Plug"",""right"":""Power point""}]",,
E_SCI_L059_Q590,59,Energy Explorer,Match the safety rule.,,,,,,Match,"[{""left"":""Bare wire"",""right"":""Do not touch""},{""left"":""Wet hands"",""right"":""Keep away""},{""left"":""Unused light"",""right"":""Turn off""},{""left"":""Broken plug"",""right"":""Tell adult""}]",,
E_SCI_L060_Q591,60,Energy Explorer,Solar energy comes from the Sun.,TRUE,FALSE,,,TRUE,MCQ,,,
E_SCI_L060_Q592,60,Energy Explorer,Coal is renewable energy.,TRUE,FALSE,,,FALSE,MCQ,,,
E_SCI_L060_Q593,60,Energy Explorer,Can wind produce electricity?,Yes,No,,,Yes,MCQ,,,
E_SCI_L060_Q594,60,Energy Explorer,Which is renewable energy?,Gas,Solar,Coal,Oil,Solar,MCQ,,,
E_SCI_L060_Q595,60,Energy Explorer,Which uses wind to make electricity?,Fan,Generator,Battery,Wind turbine,Wind turbine,MCQ,,,
E_SCI_L060_Q596,60,Energy Explorer,Which uses flowing water?,Oil,Hydropower,Coal,Gas,Hydropower,MCQ,,,
E_SCI_L060_Q597,60,Energy Explorer,Which energy helps protect nature?,Oil,Fossil fuel,Coal,Clean energy,Clean energy,MCQ,,,
E_SCI_L060_Q598,60,Energy Explorer,Which source will not run out quickly?,Sun,Oil,Coal,Gas,Sun,MCQ,,,
E_SCI_L060_Q599,60,Energy Explorer,Match the energy source.,,,,,,Match,"[{""left"":""Sun"",""right"":""Solar""},{""left"":""Wind"",""right"":""Turbine""},{""left"":""Water"",""right"":""Hydropower""},{""left"":""Plants"",""right"":""Biomass""}]",,
E_SCI_L060_Q600,60,Energy Explorer,Match the energy type.,,,,,,Match,"[{""left"":""Solar"",""right"":""Sunlight""},{""left"":""Wind"",""right"":""Moving air""},{""left"":""Hydropower"",""right"":""Flowing water""},{""left"":""Biomass"",""right"":""Plant waste""}]",,
E_SCI_L061_Q601,61,Energy Explorer: Review,Which gives us heat?,Star,Cloud,Sun,Moon,Sun,MCQ,,,
E_SCI_L061_Q602,61,Energy Explorer: Review,What forms when light is blocked?,Shadow,Rain,Wind,Fog,Shadow,MCQ,,,
E_SCI_L061_Q603,61,Energy Explorer: Review,Which body part hears sound?,Nose,Ears,Eyes,Hands,Ears,MCQ,,,
E_SCI_L061_Q604,61,Energy Explorer: Review,Which stores electrical energy?,Chair,Book,Cup,Battery,Battery,MCQ,,,
E_SCI_L061_Q605,61,Energy Explorer: Review,Which is renewable energy?,Solar,Gas,Coal,Oil,Solar,MCQ,,,
E_SCI_L061_Q606,61,Energy Explorer: Review,Fire is hot.,TRUE,FALSE,,,TRUE,MCQ,,,
E_SCI_L061_Q607,61,Energy Explorer: Review,Should you touch bare wires?,Yes,No,,,No,MCQ,,,
E_SCI_L061_Q608,61,Energy Explorer: Review,Can wind produce electricity?,Yes,No,,,Yes,MCQ,,,
E_SCI_L061_Q609,61,Energy Explorer: Review,Match the energy source.,,,,,,Match,"[{""left"":""Sun"",""right"":""Heat""},{""left"":""Battery"",""right"":""Stores energy""},{""left"":""Bell"",""right"":""Sound""},{""left"":""Wind"",""right"":""Electricity""}]",,
E_SCI_L061_Q610,61,Energy Explorer: Review,Match the energy type.,,,,,,Match,"[{""left"":""Heat"",""right"":""Fire""},{""left"":""Light"",""right"":""Bulb""},{""left"":""Sound"",""right"":""Drum""},{""left"":""Electricity"",""right"":""Fan""}]",,
E_SCI_L062_Q611,62,Energy Explorer: Review,Which object is usually hot?,Snow,Ice,Fire,Rain,Fire,MCQ,,,
E_SCI_L062_Q612,62,Energy Explorer: Review,Which is a natural light source?,Torch,Lamp,Bulb,Sun,Sun,MCQ,,,
E_SCI_L062_Q613,62,Energy Explorer: Review,Sound is made by vibrations.,TRUE,FALSE,,,TRUE,MCQ,,,
E_SCI_L062_Q614,62,Energy Explorer: Review,Which appliance uses electricity?,Book,Spoon,Table,Fan,Fan,MCQ,,,
E_SCI_L062_Q615,62,Energy Explorer: Review,Which uses flowing water?,Hydropower,Oil,Coal,Gas,Hydropower,MCQ,,,
E_SCI_L062_Q616,62,Energy Explorer: Review,Which helps us see at night?,Torch,Clock,Chair,Umbrella,Torch,MCQ,,,
E_SCI_L062_Q617,62,Energy Explorer: Review,Which sound is soft?,Siren,Horn,Thunder,Whisper,Whisper,MCQ,,,
E_SCI_L062_Q618,62,Energy Explorer: Review,Which action saves electricity?,Leave on,Turn off,Open door,Read book,Turn off,MCQ,,,
E_SCI_L062_Q619,62,Energy Explorer: Review,Match the light source.,,,,,,Match,"[{""left"":""Sun"",""right"":""Natural light""},{""left"":""Bulb"",""right"":""Electric light""},{""left"":""Torch"",""right"":""Portable light""},{""left"":""Candle"",""right"":""Flame light""}]",,
E_SCI_L062_Q620,62,Energy Explorer: Review,Match the renewable energy.,,,,,,Match,"[{""left"":""Solar"",""right"":""Sun""},{""left"":""Wind"",""right"":""Moving air""},{""left"":""Hydropower"",""right"":""Flowing water""},{""left"":""Biomass"",""right"":""Plants""}]",,
E_SCI_L063_Q621,63,Energy Explorer: Review,The Sun is a natural light source.,TRUE,FALSE,,,TRUE,MCQ,,,
E_SCI_L063_Q622,63,Energy Explorer: Review,Which feels cold?,Sun,Ice,Fire,Oven,Ice,MCQ,,,
E_SCI_L063_Q623,63,Energy Explorer: Review,Can we hear with our ears?,Yes,No,,,Yes,MCQ,,,
E_SCI_L063_Q624,63,Energy Explorer: Review,Which should stay dry?,Towel,Plug,Hat,Book,Plug,MCQ,,,
E_SCI_L063_Q625,63,Energy Explorer: Review,Which energy comes from the Sun?,Gas,Solar,Wind,Coal,Solar,MCQ,,,
E_SCI_L063_Q626,63,Energy Explorer: Review,What forms when light is blocked?,Rain,Shadow,Wind,Cloud,Shadow,MCQ,,,
E_SCI_L063_Q627,63,Energy Explorer: Review,Which is a loud sound?,Whisper,Breeze,Leaves,Thunder,Thunder,MCQ,,,
E_SCI_L063_Q628,63,Energy Explorer: Review,Should you switch off unused lights?,Yes,No,,,Yes,MCQ,,,
E_SCI_L063_Q629,63,Energy Explorer: Review,Match the energy source.,,,,,,Match,"[{""left"":""Fire"",""right"":""Heat""},{""left"":""Bulb"",""right"":""Light""},{""left"":""Bell"",""right"":""Sound""},{""left"":""Battery"",""right"":""Electricity""}]",,
E_SCI_L063_Q630,63,Energy Explorer: Review,Match the clean energy.,,,,,,Match,"[{""left"":""Solar"",""right"":""Sunlight""},{""left"":""Wind"",""right"":""Wind turbine""},{""left"":""Hydropower"",""right"":""Flowing water""},{""left"":""Biomass"",""right"":""Plant waste""}]",,
E_SCI_L064_Q631,64,Forces in Action,A push is a type of force.,TRUE,FALSE,,,TRUE,MCQ,,,
E_SCI_L064_Q632,64,Forces in Action,A pull is a type of force.,TRUE,FALSE,,,TRUE,MCQ,,,
E_SCI_L064_Q633,64,Forces in Action,Can a push move an object?,Yes,No,,,Yes,MCQ,,,
E_SCI_L064_Q634,64,Forces in Action,What do you do to open a door away from you?,Drop,Pull,Push,Lift,Push,MCQ,,,
E_SCI_L064_Q635,64,Forces in Action,What do you do to open a drawer?,Pull,Throw,Push,Drop,Pull,MCQ,,,
E_SCI_L064_Q636,64,Forces in Action,Which action moves a shopping cart?,Push,Lift,Pull,Jump,Push,MCQ,,,
E_SCI_L064_Q637,64,Forces in Action,Which action lifts a bucket from a well?,Drop,Push,Kick,Pull,Pull,MCQ,,,
E_SCI_L064_Q638,64,Forces in Action,Kicking a ball is a?,Pull,Drop,Spin,Push,Push,MCQ,,,
E_SCI_L064_Q639,64,Forces in Action,Match the force.,,,,,,Match,"[{""left"":""Push door"",""right"":""Away""},{""left"":""Pull rope"",""right"":""Toward""},{""left"":""Kick ball"",""right"":""Push""},{""left"":""Open drawer"",""right"":""Pull""}]",,
E_SCI_L064_Q640,64,Forces in Action,Match the action.,,,,,,Match,"[{""left"":""Push"",""right"":""Shopping cart""},{""left"":""Pull"",""right"":""Wagon""},{""left"":""Push"",""right"":""Toy car""},{""left"":""Pull"",""right"":""Curtain""}]",,
E_SCI_L065_Q641,65,Forces in Action,Gravity pulls objects toward Earth.,TRUE,FALSE,,,TRUE,MCQ,,,
E_SCI_L065_Q642,65,Forces in Action,Gravity makes things float upward.,TRUE,FALSE,,,FALSE,MCQ,,,
E_SCI_L065_Q643,65,Forces in Action,Do apples fall because of gravity?,Yes,No,,,Yes,MCQ,,,
E_SCI_L065_Q644,65,Forces in Action,What pulls us toward Earth?,Wind,Heat,Gravity,Light,Gravity,MCQ,,,
E_SCI_L065_Q645,65,Forces in Action,Which object falls to the ground?,Moon,Cloud,Sun,Ball,Ball,MCQ,,,
E_SCI_L065_Q646,65,Forces in Action,What happens when you drop a book?,Falls,Breaks,Melts,Floats,Falls,MCQ,,,
E_SCI_L065_Q647,65,Forces in Action,Gravity keeps us on the?,Roof,Ground,Tree,Cloud,Ground,MCQ,,,
E_SCI_L065_Q648,65,Forces in Action,Rain falls because of?,Wind,Heat,Gravity,Light,Gravity,MCQ,,,
E_SCI_L065_Q649,65,Forces in Action,Match the gravity action.,,,,,,Match,"[{""left"":""Apple"",""right"":""Falls""},{""left"":""Rain"",""right"":""Falls""},{""left"":""Jump"",""right"":""Land""},{""left"":""Ball"",""right"":""Drops""}]",,
E_SCI_L065_Q650,65,Forces in Action,Match the force.,,,,,,Match,"[{""left"":""Gravity"",""right"":""Pulls down""},{""left"":""Wind"",""right"":""Moves leaves""},{""left"":""Push"",""right"":""Moves away""},{""left"":""Pull"",""right"":""Moves closer""}]",,
E_SCI_L066_Q651,66,Forces in Action,Friction slows moving objects.,TRUE,FALSE,,,TRUE,MCQ,,,
E_SCI_L066_Q652,66,Forces in Action,Smooth surfaces have less friction.,TRUE,FALSE,,,TRUE,MCQ,,,
E_SCI_L066_Q653,66,Forces in Action,Can friction help us walk?,Yes,No,,,Yes,MCQ,,,
E_SCI_L066_Q654,66,Forces in Action,Which surface has more friction?,Ice,Smooth,Wet,Rough,Rough,MCQ,,,
E_SCI_L066_Q655,66,Forces in Action,What helps a bicycle stop?,Brakes,Seat,Pedals,Handle,Brakes,MCQ,,,
E_SCI_L066_Q656,66,Forces in Action,Which surface is slippery?,Sand,Grass,Ice,Carpet,Ice,MCQ,,,
E_SCI_L066_Q657,66,Forces in Action,What gives shoes a good grip?,Heat,Magnet,Friction,Gravity,Friction,MCQ,,,
E_SCI_L066_Q658,66,Forces in Action,Rubbing hands makes?,Heat,Water,Ice,Wind,Heat,MCQ,,,
E_SCI_L066_Q659,66,Forces in Action,Match the surface.,,,,,,Match,"[{""left"":""Ice"",""right"":""Slippery""},{""left"":""Sandpaper"",""right"":""Rough""},{""left"":""Glass"",""right"":""Smooth""},{""left"":""Road"",""right"":""Grip""}]",,
E_SCI_L066_Q660,66,Forces in Action,Match the friction use.,,,,,,Match,"[{""left"":""Shoes"",""right"":""Walking""},{""left"":""Brakes"",""right"":""Stopping""},{""left"":""Tires"",""right"":""Grip""},{""left"":""Hands"",""right"":""Rubbing""}]",,
E_SCI_L067_Q661,67,Forces in Action,Magnets attract iron.,TRUE,FALSE,,,TRUE,MCQ,,,
E_SCI_L067_Q662,67,Forces in Action,Wood is attracted to magnets.,TRUE,FALSE,,,FALSE,MCQ,,,
E_SCI_L067_Q663,67,Forces in Action,Can magnets pull paper clips?,Yes,No,,,Yes,MCQ,,,
E_SCI_L067_Q664,67,Forces in Action,Which metal is magnetic?,Glass,Plastic,Iron,Wood,Iron,MCQ,,,
E_SCI_L067_Q665,67,Forces in Action,How many poles does a magnet have?,Two,Three,Four,One,Two,MCQ,,,
E_SCI_L067_Q666,67,Forces in Action,Which poles attract each other?,South,North,Opposite,Same,Opposite,MCQ,,,
E_SCI_L067_Q667,67,Forces in Action,Which poles push apart?,Same,Opposite,Both,,Same,MCQ,,,
E_SCI_L067_Q668,67,Forces in Action,Which tool uses a magnet?,Compass,Torch,Scissors,Ruler,Compass,MCQ,,,
E_SCI_L067_Q669,67,Forces in Action,Match the magnetic item.,,,,,,Match,"[{""left"":""Iron nail"",""right"":""Magnetic""},{""left"":""Paper clip"",""right"":""Magnetic""},{""left"":""Plastic toy"",""right"":""Not magnetic""},{""left"":""Wood block"",""right"":""Not magnetic""}]",,
E_SCI_L067_Q670,67,Forces in Action,Match the magnet fact.,,,,,,Match,"[{""left"":""North pole"",""right"":""Magnet end""},{""left"":""South pole"",""right"":""Magnet end""},{""left"":""Opposite poles"",""right"":""Attract""},{""left"":""Same poles"",""right"":""Repel""}]",,
E_SCI_L068_Q671,68,Forces in Action,Simple machines make work easier.,TRUE,FALSE,,,TRUE,MCQ,,,
E_SCI_L068_Q672,68,Forces in Action,A ramp is a simple machine.,TRUE,FALSE,,,TRUE,MCQ,,,
E_SCI_L068_Q673,68,Forces in Action,Can a pulley help lift heavy objects?,Yes,No,,,Yes,MCQ,,,
E_SCI_L068_Q674,68,Forces in Action,Which simple machine is a slide?,Ramp,Screw,Pulley,Lever,Ramp,MCQ,,,
E_SCI_L068_Q675,68,Forces in Action,Which simple machine helps raise a flag?,Wedge,Wheel,Lever,Pulley,Pulley,MCQ,,,
E_SCI_L068_Q676,68,Forces in Action,Which simple machine has a wheel and rod?,Wheel axle,Lever,Ramp,Screw,Wheel axle,MCQ,,,
E_SCI_L068_Q677,68,Forces in Action,Which simple machine is a seesaw?,Lever,Ramp,Pulley,Wedge,Lever,MCQ,,,
E_SCI_L068_Q678,68,Forces in Action,Which simple machine is a knife?,Wheel,Wedge,Screw,Pulley,Wedge,MCQ,,,
E_SCI_L068_Q679,68,Forces in Action,Match the machine.,,,,,,Match,"[{""left"":""Ramp"",""right"":""Slide""},{""left"":""Pulley"",""right"":""Lift flag""},{""left"":""Lever"",""right"":""Seesaw""},{""left"":""Wedge"",""right"":""Knife""}]",,
E_SCI_L068_Q680,68,Forces in Action,Match the simple machine.,,,,,,Match,"[{""left"":""Wheel axle"",""right"":""Bicycle""},{""left"":""Screw"",""right"":""Bolt""},{""left"":""Pulley"",""right"":""Well bucket""},{""left"":""Ramp"",""right"":""Wheelchair""}]",,
E_SCI_L069_Q681,69,Forces in Action: Review,Which force moves a shopping cart?,Push,Pull,Jump,Lift,Push,MCQ,,,
E_SCI_L069_Q682,69,Forces in Action: Review,What pulls objects toward Earth?,Heat,Wind,Gravity,Light,Gravity,MCQ,,,
E_SCI_L069_Q683,69,Forces in Action: Review,Can friction help us walk?,Yes,No,,,Yes,MCQ,,,
E_SCI_L069_Q684,69,Forces in Action: Review,Which metal is magnetic?,Iron,Glass,Plastic,Wood,Iron,MCQ,,,
E_SCI_L069_Q685,69,Forces in Action: Review,Which simple machine helps raise a flag?,Pulley,Ramp,Lever,Wedge,Pulley,MCQ,,,
E_SCI_L069_Q686,69,Forces in Action: Review,Same poles push apart.,TRUE,FALSE,,,TRUE,MCQ,,,
E_SCI_L069_Q687,69,Forces in Action: Review,Which surface is slippery?,Grass,Sand,Carpet,Ice,Ice,MCQ,,,
E_SCI_L069_Q688,69,Forces in Action: Review,Simple machines make work easier.,TRUE,FALSE,,,TRUE,MCQ,,,
E_SCI_L069_Q689,69,Forces in Action: Review,Match the force.,,,,,,Match,"[{""left"":""Push"",""right"":""Shopping cart""},{""left"":""Pull"",""right"":""Rope""},{""left"":""Gravity"",""right"":""Pulls down""},{""left"":""Friction"",""right"":""Slows motion""}]",,
E_SCI_L069_Q690,69,Forces in Action: Review,Match the machine.,,,,,,Match,"[{""left"":""Lever"",""right"":""Seesaw""},{""left"":""Ramp"",""right"":""Slide""},{""left"":""Pulley"",""right"":""Flag""},{""left"":""Wedge"",""right"":""Knife""}]",,
E_SCI_L070_Q691,70,Forces in Action: Review,What do you do to open a drawer?,Drop,Pull,Lift,Push,Pull,MCQ,,,
E_SCI_L070_Q692,70,Forces in Action: Review,Gravity makes rain fall.,TRUE,FALSE,,,TRUE,MCQ,,,
E_SCI_L070_Q693,70,Forces in Action: Review,Which surface has more friction?,Rough,Glass,Smooth,Ice,Rough,MCQ,,,
E_SCI_L070_Q694,70,Forces in Action: Review,Which tool uses a magnet?,Book,Compass,Torch,Ruler,Compass,MCQ,,,
E_SCI_L070_Q695,70,Forces in Action: Review,Which simple machine is a seesaw?,Screw,Pulley,Lever,Ramp,Lever,MCQ,,,
E_SCI_L070_Q696,70,Forces in Action: Review,Opposite poles attract.,TRUE,FALSE,,,TRUE,MCQ,,,
E_SCI_L070_Q697,70,Forces in Action: Review,Which helps a bicycle stop?,Bell,Pedals,Brakes,Seat,Brakes,MCQ,,,
E_SCI_L070_Q698,70,Forces in Action: Review,Can a push move an object?,Yes,No,,,Yes,MCQ,,,
E_SCI_L070_Q699,70,Forces in Action: Review,Match the magnetic item.,,,,,,Match,"[{""left"":""Iron nail"",""right"":""Magnetic""},{""left"":""Paper clip"",""right"":""Magnetic""},{""left"":""Wood block"",""right"":""Not magnetic""},{""left"":""Plastic toy"",""right"":""Not magnetic""}]",,
E_SCI_L070_Q700,70,Forces in Action: Review,Match the force action.,,,,,,Match,"[{""left"":""Gravity"",""right"":""Apple falls""},{""left"":""Friction"",""right"":""Bike stops""},{""left"":""Push"",""right"":""Close door""},{""left"":""Pull"",""right"":""Open drawer""}]",,
E_SCI_L071_Q701,71,Forces in Action: Review,A push moves an object away.,TRUE,FALSE,,,TRUE,MCQ,,,
E_SCI_L071_Q702,71,Forces in Action: Review,What keeps us on the ground?,Heat,Wind,Light,Gravity,Gravity,MCQ,,,
E_SCI_L071_Q703,71,Forces in Action: Review,Which surface is smooth?,Carpet,Gravel,Glass,Sandpaper,Glass,MCQ,,,
E_SCI_L071_Q704,71,Forces in Action: Review,Can magnets attract iron?,Yes,No,,,Yes,MCQ,,,
E_SCI_L071_Q705,71,Forces in Action: Review,Which simple machine is a knife?,Pulley,Wedge,Lever,Ramp,Wedge,MCQ,,,
E_SCI_L071_Q706,71,Forces in Action: Review,Which action moves a wagon?,Pull,Drop,Push,Throw,Pull,MCQ,,,
E_SCI_L071_Q707,71,Forces in Action: Review,Which poles attract each other?,South,Same,Opposite,North,Opposite,MCQ,,,
E_SCI_L071_Q708,71,Forces in Action: Review,Which machine is a slide?,Screw,Wheel axle,Ramp,Lever,Ramp,MCQ,,,
E_SCI_L071_Q709,71,Forces in Action: Review,Match the force.,,,,,,Match,"[{""left"":""Push"",""right"":""Move away""},{""left"":""Pull"",""right"":""Move closer""},{""left"":""Gravity"",""right"":""Pulls down""},{""left"":""Friction"",""right"":""Slows motion""}]",,
E_SCI_L071_Q710,71,Forces in Action: Review,Match the simple machine.,,,,,,Match,"[{""left"":""Pulley"",""right"":""Lift flag""},{""left"":""Lever"",""right"":""Seesaw""},{""left"":""Wheel axle"",""right"":""Bicycle""},{""left"":""Wedge"",""right"":""Knife""}]",,
E_SCI_L072_Q711,72,Matter Lab,A solid keeps its shape.,TRUE,FALSE,,,TRUE,MCQ,,,
E_SCI_L072_Q712,72,Matter Lab,A rock is a solid.,TRUE,FALSE,,,TRUE,MCQ,,,
E_SCI_L072_Q713,72,Matter Lab,Can you hold a solid?,Yes,No,,,Yes,MCQ,,,
E_SCI_L072_Q714,72,Matter Lab,Which is a solid?,Air,Water,Juice,Book,Book,MCQ,,,
E_SCI_L072_Q715,72,Matter Lab,Which is a solid object?,Smoke,Steam,Chair,Milk,Chair,MCQ,,,
E_SCI_L072_Q716,72,Matter Lab,Which is NOT a solid?,Water,Table,Pencil,Stone,Water,MCQ,,,
E_SCI_L072_Q717,72,Matter Lab,What does a solid have?,Flowing shape,No shape,Fixed shape,Round shape,Fixed shape,MCQ,,,
E_SCI_L072_Q718,72,Matter Lab,Which solid is hard?,Air,Water,Sponge,Rock,Rock,MCQ,,,
E_SCI_L072_Q719,72,Matter Lab,Match the solid.,,,,,,Match,"[{""left"":""Book"",""right"":""Solid""},{""left"":""Rock"",""right"":""Solid""},{""left"":""Chair"",""right"":""Solid""},{""left"":""Pencil"",""right"":""Solid""}]",,
E_SCI_L072_Q720,72,Matter Lab,Match the property.,,,,,,Match,"[{""left"":""Rock"",""right"":""Hard""},{""left"":""Sponge"",""right"":""Soft""},{""left"":""Book"",""right"":""Fixed shape""},{""left"":""Table"",""right"":""Solid""}]",,
E_SCI_L073_Q721,73,Matter Lab,Water is a liquid.,TRUE,FALSE,,,TRUE,MCQ,,,
E_SCI_L073_Q722,73,Matter Lab,Liquids have a fixed shape.,TRUE,FALSE,,,FALSE,MCQ,,,
E_SCI_L073_Q723,73,Matter Lab,Can liquids flow?,Yes,No,,,Yes,MCQ,,,
E_SCI_L073_Q724,73,Matter Lab,Which is a liquid?,Rock,Chair,Book,Milk,Milk,MCQ,,,
E_SCI_L073_Q725,73,Matter Lab,What does a liquid take the shape of?,Container,Air,Table,Floor,Container,MCQ,,,
E_SCI_L073_Q726,73,Matter Lab,Which is NOT a liquid?,Water,Stone,Oil,Juice,Stone,MCQ,,,
E_SCI_L073_Q727,73,Matter Lab,Which liquid do we drink every day?,Water,Rock,Glass,Chair,Water,MCQ,,,
E_SCI_L073_Q728,73,Matter Lab,Which liquid is used for cooking?,Sand,Oil,Paper,Wood,Oil,MCQ,,,
E_SCI_L073_Q729,73,Matter Lab,Match the liquid.,,,,,,Match,"[{""left"":""Water"",""right"":""Liquid""},{""left"":""Milk"",""right"":""Liquid""},{""left"":""Juice"",""right"":""Liquid""},{""left"":""Oil"",""right"":""Liquid""}]",,
E_SCI_L073_Q730,73,Matter Lab,Match the property.,,,,,,Match,"[{""left"":""Water"",""right"":""Flows""},{""left"":""Milk"",""right"":""Container""},{""left"":""Juice"",""right"":""Liquid""},{""left"":""Oil"",""right"":""Pours""}]",,
E_SCI_L074_Q731,74,Matter Lab,Air is a gas.,TRUE,FALSE,,,TRUE,MCQ,,,
E_SCI_L074_Q732,74,Matter Lab,We can see air clearly.,TRUE,FALSE,,,FALSE,MCQ,,,
E_SCI_L074_Q733,74,Matter Lab,Can gases spread out?,Yes,No,,,Yes,MCQ,,,
E_SCI_L074_Q734,74,Matter Lab,Which is a gas?,Rock,Water,Air,Book,Air,MCQ,,,
E_SCI_L074_Q735,74,Matter Lab,What fills a balloon?,Water,Air,Sand,Paper,Air,MCQ,,,
E_SCI_L074_Q736,74,Matter Lab,Which gas do we breathe?,Steam,Helium,Oxygen,Smoke,Oxygen,MCQ,,,
E_SCI_L074_Q737,74,Matter Lab,Which state has no fixed shape?,Rock,Gas,Solid,Ice,Gas,MCQ,,,
E_SCI_L074_Q738,74,Matter Lab,Which gas helps balloons float?,Oxygen,Nitrogen,Helium,Carbon,Helium,MCQ,,,
E_SCI_L074_Q739,74,Matter Lab,Match the gas.,,,,,,Match,"[{""left"":""Air"",""right"":""Gas""},{""left"":""Oxygen"",""right"":""Breathing""},{""left"":""Helium"",""right"":""Balloon""},{""left"":""Steam"",""right"":""Water vapor""}]",,
E_SCI_L074_Q740,74,Matter Lab,Match the property.,,,,,,Match,"[{""left"":""Gas"",""right"":""Spreads out""},{""left"":""Air"",""right"":""Invisible""},{""left"":""Balloon"",""right"":""Filled air""},{""left"":""Oxygen"",""right"":""Breathing""}]",,
E_SCI_L075_Q741,75,Matter Lab,Ice melts into water.,TRUE,FALSE,,,TRUE,MCQ,,,
E_SCI_L075_Q742,75,Matter Lab,Water freezes into ice.,TRUE,FALSE,,,TRUE,MCQ,,,
E_SCI_L075_Q743,75,Matter Lab,Can water change into steam?,Yes,No,,,Yes,MCQ,,,
E_SCI_L075_Q744,75,Matter Lab,What happens when ice gets warm?,Melts,Freezes,Breaks,Sinks,Melts,MCQ,,,
E_SCI_L075_Q745,75,Matter Lab,What does water become when frozen?,Cloud,Steam,Ice,Air,Ice,MCQ,,,
E_SCI_L075_Q746,75,Matter Lab,What is water vapor called?,Fog,Steam,Air,Smoke,Steam,MCQ,,,
E_SCI_L075_Q747,75,Matter Lab,What process changes water into vapor?,Condensation,Freezing,Melting,Evaporation,Evaporation,MCQ,,,
E_SCI_L075_Q748,75,Matter Lab,What forms on a cold glass?,Sand,Smoke,Dust,Droplets,Droplets,MCQ,,,
E_SCI_L075_Q749,75,Matter Lab,Match the change.,,,,,,Match,"[{""left"":""Ice"",""right"":""Melts""},{""left"":""Water"",""right"":""Freezes""},{""left"":""Steam"",""right"":""Condenses""},{""left"":""Heat"",""right"":""Evaporation""}]",,
E_SCI_L075_Q750,75,Matter Lab,Match the state.,,,,,,Match,"[{""left"":""Ice"",""right"":""Solid""},{""left"":""Water"",""right"":""Liquid""},{""left"":""Steam"",""right"":""Gas""},{""left"":""Snow"",""right"":""Solid""}]",,
E_SCI_L076_Q751,76,Matter Lab,A mixture contains two or more materials.,TRUE,FALSE,,,TRUE,MCQ,,,
E_SCI_L076_Q752,76,Matter Lab,Sand dissolves in water.,TRUE,FALSE,,,FALSE,MCQ,,,
E_SCI_L076_Q753,76,Matter Lab,Can salt dissolve in water?,Yes,No,,,Yes,MCQ,,,
E_SCI_L076_Q754,76,Matter Lab,Which dissolves in water?,Sand,Stone,Salt,Paper,Salt,MCQ,,,
E_SCI_L076_Q755,76,Matter Lab,Which mixture can be filtered?,Sand water,Salt water,Milk,Juice,Sand water,MCQ,,,
E_SCI_L076_Q756,76,Matter Lab,What tool separates sand from water?,Cup,Plate,Filter,Spoon,Filter,MCQ,,,
E_SCI_L076_Q757,76,Matter Lab,Which is a mixture?,Trail mix,Water,Iron,Salt,Trail mix,MCQ,,,
E_SCI_L076_Q758,76,Matter Lab,Which does NOT dissolve?,Sugar,Salt,Sand,Juice,Sand,MCQ,,,
E_SCI_L076_Q759,76,Matter Lab,Match the mixture.,,,,,,Match,"[{""left"":""Salt"",""right"":""Dissolves""},{""left"":""Sand"",""right"":""Doesn't dissolve""},{""left"":""Water"",""right"":""Liquid""},{""left"":""Filter"",""right"":""Separates""}]",,
E_SCI_L076_Q760,76,Matter Lab,Match the material.,,,,,,Match,"[{""left"":""Sugar"",""right"":""Dissolves""},{""left"":""Pebbles"",""right"":""Solid""},{""left"":""Oil"",""right"":""Liquid""},{""left"":""Air"",""right"":""Gas""}]",,
E_SCI_L077_Q761,77,Matter Lab: Review,Which state keeps its shape?,Liquid,Steam,Gas,Solid,Solid,MCQ,,,
E_SCI_L077_Q762,77,Matter Lab: Review,Which takes the shape of its container?,Rock,Solid,Wood,Liquid,Liquid,MCQ,,,
E_SCI_L077_Q763,77,Matter Lab: Review,Can air fill a balloon?,Yes,No,,,Yes,MCQ,,,
E_SCI_L077_Q764,77,Matter Lab: Review,What does ice become when it melts?,Water,Sand,Steam,Rock,Water,MCQ,,,
E_SCI_L077_Q765,77,Matter Lab: Review,Which dissolves in water?,Salt,Stone,Sand,Plastic,Salt,MCQ,,,
E_SCI_L077_Q766,77,Matter Lab: Review,Water is a liquid.,TRUE,FALSE,,,TRUE,MCQ,,,
E_SCI_L077_Q767,77,Matter Lab: Review,Which state spreads out?,Gas,Liquid,Ice,Solid,Gas,MCQ,,,
E_SCI_L077_Q768,77,Matter Lab: Review,Water freezes into ice.,TRUE,FALSE,,,TRUE,MCQ,,,
E_SCI_L077_Q769,77,Matter Lab: Review,Match the state.,,,,,,Match,"[{""left"":""Rock"",""right"":""Solid""},{""left"":""Milk"",""right"":""Liquid""},{""left"":""Air"",""right"":""Gas""},{""left"":""Steam"",""right"":""Gas""}]",,
E_SCI_L077_Q770,77,Matter Lab: Review,Match the change.,,,,,,Match,"[{""left"":""Ice"",""right"":""Melts""},{""left"":""Water"",""right"":""Freezes""},{""left"":""Salt"",""right"":""Dissolves""},{""left"":""Filter"",""right"":""Separates""}]",,
E_SCI_L078_Q771,78,Matter Lab: Review,Which is a solid?,Water,Book,Milk,Air,Book,MCQ,,,
E_SCI_L078_Q772,78,Matter Lab: Review,Can liquids flow?,Yes,No,,,Yes,MCQ,,,
E_SCI_L078_Q773,78,Matter Lab: Review,Which gas do we breathe?,Helium,Smoke,Steam,Oxygen,Oxygen,MCQ,,,
E_SCI_L078_Q774,78,Matter Lab: Review,What process changes water into vapor?,Condensation,Melting,Evaporation,Freezing,Evaporation,MCQ,,,
E_SCI_L078_Q775,78,Matter Lab: Review,Which mixture can be filtered?,Milk,Salt water,Sand water,Juice,Sand water,MCQ,,,
E_SCI_L078_Q776,78,Matter Lab: Review,Ice melts into water.,TRUE,FALSE,,,TRUE,MCQ,,,
E_SCI_L078_Q777,78,Matter Lab: Review,Which takes the shape of its container?,Rock,Liquid,Gas,Solid,Liquid,MCQ,,,
E_SCI_L078_Q778,78,Matter Lab: Review,Sand dissolves in water.,TRUE,FALSE,,,FALSE,MCQ,,,
E_SCI_L078_Q779,78,Matter Lab: Review,Match the matter.,,,,,,Match,"[{""left"":""Chair"",""right"":""Solid""},{""left"":""Juice"",""right"":""Liquid""},{""left"":""Air"",""right"":""Gas""},{""left"":""Ice"",""right"":""Solid""}]",,
E_SCI_L078_Q780,78,Matter Lab: Review,Match the process.,,,,,,Match,"[{""left"":""Melting"",""right"":""Ice to water""},{""left"":""Freezing"",""right"":""Water to ice""},{""left"":""Evaporation"",""right"":""Water to vapor""},{""left"":""Condensation"",""right"":""Vapor to water""}]",,
E_SCI_L079_Q781,79,Matter Lab: Review,A solid keeps its shape.,TRUE,FALSE,,,TRUE,MCQ,,,
E_SCI_L079_Q782,79,Matter Lab: Review,Which is a liquid?,Rock,Water,Air,Book,Water,MCQ,,,
E_SCI_L079_Q783,79,Matter Lab: Review,Can gases spread out?,Yes,No,,,Yes,MCQ,,,
E_SCI_L079_Q784,79,Matter Lab: Review,What does water become when frozen?,Air,Ice,Sand,Steam,Ice,MCQ,,,
E_SCI_L079_Q785,79,Matter Lab: Review,Which does NOT dissolve in water?,Sugar,Salt,Sand,Juice,Sand,MCQ,,,
E_SCI_L079_Q786,79,Matter Lab: Review,Which state has no fixed shape?,Gas,Ice,Rock,Solid,Gas,MCQ,,,
E_SCI_L079_Q787,79,Matter Lab: Review,What fills a balloon?,Sand,Air,Water,Paper,Air,MCQ,,,
E_SCI_L079_Q788,79,Matter Lab: Review,What tool separates sand from water?,Cup,Plate,Filter,Spoon,Filter,MCQ,,,
E_SCI_L079_Q789,79,Matter Lab: Review,Match the states.,,,,,,Match,"[{""left"":""Rock"",""right"":""Solid""},{""left"":""Water"",""right"":""Liquid""},{""left"":""Steam"",""right"":""Gas""},{""left"":""Ice"",""right"":""Solid""}]",,
E_SCI_L079_Q790,79,Matter Lab: Review,Match the mixtures.,,,,,,Match,"[{""left"":""Salt"",""right"":""Dissolves""},{""left"":""Sand"",""right"":""Filtered""},{""left"":""Oil"",""right"":""Liquid""},{""left"":""Air"",""right"":""Gas""}]",,
E_SCI_L080_Q791,80,Inventor's Workshop,An invention solves a problem.,TRUE,FALSE,,,TRUE,MCQ,,,
E_SCI_L080_Q792,80,Inventor's Workshop,Inventors create new ideas.,TRUE,FALSE,,,TRUE,MCQ,,,
E_SCI_L080_Q793,80,Inventor's Workshop,Can anyone invent something?,Yes,No,,,Yes,MCQ,,,
E_SCI_L080_Q794,80,Inventor's Workshop,Who creates inventions?,Teacher,Inventor,Farmer,Doctor,Inventor,MCQ,,,
E_SCI_L080_Q795,80,Inventor's Workshop,What is a light bulb?,Rock,Invention,Animal,Plant,Invention,MCQ,,,
E_SCI_L080_Q796,80,Inventor's Workshop,Which is an invention?,River,Bicycle,Tree,Mountain,Bicycle,MCQ,,,
E_SCI_L080_Q797,80,Inventor's Workshop,Why are inventions made?,Grow plants,Solve problems,Make noise,Cook food,Solve problems,MCQ,,,
E_SCI_L080_Q798,80,Inventor's Workshop,Which is used for writing?,Leaf,Stone,Pencil,Cloud,Pencil,MCQ,,,
E_SCI_L080_Q799,80,Inventor's Workshop,Match the invention.,,,,,,Match,"[{""left"":""Bicycle"",""right"":""Travel""},{""left"":""Light bulb"",""right"":""Light""},{""left"":""Umbrella"",""right"":""Rain""},{""left"":""Pencil"",""right"":""Writing""}]",,
E_SCI_L080_Q800,80,Inventor's Workshop,Match the inventor's job.,,,,,,Match,"[{""left"":""Inventor"",""right"":""Creates""},{""left"":""Engineer"",""right"":""Builds""},{""left"":""Designer"",""right"":""Plans""},{""left"":""Tester"",""right"":""Checks""}]",,
E_SCI_L081_Q801,81,Inventor's Workshop,Engineers solve problems.,TRUE,FALSE,,,TRUE,MCQ,,,
E_SCI_L081_Q802,81,Inventor's Workshop,Testing a design is important.,TRUE,FALSE,,,TRUE,MCQ,,,
E_SCI_L081_Q803,81,Inventor's Workshop,Should you make a plan before building?,Yes,No,,,Yes,MCQ,,,
E_SCI_L081_Q804,81,Inventor's Workshop,What is the first design step?,Paint,Sell,Ask,Build,Ask,MCQ,,,
E_SCI_L081_Q805,81,Inventor's Workshop,What comes after asking?,Imagine,Finish,Throw,Stop,Imagine,MCQ,,,
E_SCI_L081_Q806,81,Inventor's Workshop,What do you do before testing?,Forget,Throw,Build,Eat,Build,MCQ,,,
E_SCI_L081_Q807,81,Inventor's Workshop,Why do engineers test?,Save money,Take photos,Win games,Find problems,Find problems,MCQ,,,
E_SCI_L081_Q808,81,Inventor's Workshop,What should you do after testing?,Sleep,Quit,Hide,Improve,Improve,MCQ,,,
E_SCI_L081_Q809,81,Inventor's Workshop,Match the design step.,,,,,,Match,"[{""left"":""Ask"",""right"":""Find problem""},{""left"":""Imagine"",""right"":""Think ideas""},{""left"":""Plan"",""right"":""Draw design""},{""left"":""Build"",""right"":""Make model""}]",,
E_SCI_L081_Q810,81,Inventor's Workshop,Match the engineering step.,,,,,,Match,"[{""left"":""Test"",""right"":""Try design""},{""left"":""Improve"",""right"":""Make better""},{""left"":""Engineer"",""right"":""Problem solver""},{""left"":""Team"",""right"":""Work together""}]",,
E_SCI_L082_Q811,82,Inventor's Workshop,Problem solving means finding solutions.,TRUE,FALSE,,,TRUE,MCQ,,,
E_SCI_L082_Q812,82,Inventor's Workshop,Mistakes can help us learn.,TRUE,FALSE,,,TRUE,MCQ,,,
E_SCI_L082_Q813,82,Inventor's Workshop,Should we try new ideas?,Yes,No,,,Yes,MCQ,,,
E_SCI_L082_Q814,82,Inventor's Workshop,What should you do when something breaks?,Fix,Throw,Ignore,Hide,Fix,MCQ,,,
E_SCI_L082_Q815,82,Inventor's Workshop,Which helps solve problems?,Running,Thinking,Sleeping,Crying,Thinking,MCQ,,,
E_SCI_L082_Q816,82,Inventor's Workshop,Why do inventors try again?,Improve,Stop,Forget,Quit,Improve,MCQ,,,
E_SCI_L082_Q817,82,Inventor's Workshop,Working with others is called?,Silence,Playing,Teamwork,Waiting,Teamwork,MCQ,,,
E_SCI_L082_Q818,82,Inventor's Workshop,What helps create ideas?,Creativity,Sadness,Fear,Noise,Creativity,MCQ,,,
E_SCI_L082_Q819,82,Inventor's Workshop,Match the problem.,,,,,,Match,"[{""left"":""Broken toy"",""right"":""Repair""},{""left"":""Dark room"",""right"":""Light""},{""left"":""Heavy box"",""right"":""Lift""},{""left"":""Lost item"",""right"":""Search""}]",,
E_SCI_L082_Q820,82,Inventor's Workshop,Match the solution.,,,,,,Match,"[{""left"":""Idea"",""right"":""Solution""},{""left"":""Test"",""right"":""Check""},{""left"":""Mistake"",""right"":""Learn""},{""left"":""Teamwork"",""right"":""Together""}]",,
E_SCI_L083_Q821,83,Inventor's Workshop,The wheel is an invention.,TRUE,FALSE,,,TRUE,MCQ,,,
E_SCI_L083_Q822,83,Inventor's Workshop,A bicycle helps us travel.,TRUE,FALSE,,,TRUE,MCQ,,,
E_SCI_L083_Q823,83,Inventor's Workshop,Which invention gives light?,Bulb,Chair,Book,Plate,Bulb,MCQ,,,
E_SCI_L083_Q824,83,Inventor's Workshop,Which invention helps in rain?,Clock,Umbrella,Spoon,Pencil,Umbrella,MCQ,,,
E_SCI_L083_Q825,83,Inventor's Workshop,Which invention helps communication?,Glass,Phone,Tree,Rock,Phone,MCQ,,,
E_SCI_L083_Q826,83,Inventor's Workshop,Which invention helps us type?,Computer,Cup,Shoe,Ball,Computer,MCQ,,,
E_SCI_L083_Q827,83,Inventor's Workshop,What invention has wheels?,Pen,Car,Chair,Book,Car,MCQ,,,
E_SCI_L083_Q828,83,Inventor's Workshop,Which invention shows time?,Plate,Clock,Brush,Table,Clock,MCQ,,,
E_SCI_L083_Q829,83,Inventor's Workshop,Match the invention.,,,,,,Match,"[{""left"":""Bicycle"",""right"":""Travel""},{""left"":""Phone"",""right"":""Communication""},{""left"":""Clock"",""right"":""Time""},{""left"":""Bulb"",""right"":""Light""}]",,
E_SCI_L083_Q830,83,Inventor's Workshop,Match the invention use.,,,,,,Match,"[{""left"":""Umbrella"",""right"":""Rain""},{""left"":""Computer"",""right"":""Work""},{""left"":""Car"",""right"":""Transport""},{""left"":""Camera"",""right"":""Photos""}]",,
E_SCI_L084_Q831,84,Inventor's Workshop,Inventors build models before final products.,TRUE,FALSE,,,TRUE,MCQ,,,
E_SCI_L084_Q832,84,Inventor's Workshop,Strong materials make better designs.,TRUE,FALSE,,,TRUE,MCQ,,,
E_SCI_L084_Q833,84,Inventor's Workshop,Should we improve failed designs?,Yes,No,,,Yes,MCQ,,,
E_SCI_L084_Q834,84,Inventor's Workshop,What do we make to test ideas?,Model,Game,Noise,Food,Model,MCQ,,,
E_SCI_L084_Q835,84,Inventor's Workshop,Which material is strong?,Metal,Leaf,Paper,Cloth,Metal,MCQ,,,
E_SCI_L084_Q836,84,Inventor's Workshop,What helps a bridge stay strong?,Color,Support,Water,Sound,Support,MCQ,,,
E_SCI_L084_Q837,84,Inventor's Workshop,Why do we improve designs?,Better results,Hide ideas,Waste time,Stop work,Better results,MCQ,,,
E_SCI_L084_Q838,84,Inventor's Workshop,What should an invention be?,Random,Useful,Unsafe,Broken,Useful,MCQ,,,
E_SCI_L084_Q839,84,Inventor's Workshop,Match the building step.,,,,,,Match,"[{""left"":""Model"",""right"":""Test idea""},{""left"":""Material"",""right"":""Build item""},{""left"":""Improve"",""right"":""Make better""},{""left"":""Design"",""right"":""Plan""}]",,
E_SCI_L084_Q840,84,Inventor's Workshop,Match the inventor skill.,,,,,,Match,"[{""left"":""Creativity"",""right"":""New ideas""},{""left"":""Testing"",""right"":""Check work""},{""left"":""Planning"",""right"":""Prepare""},{""left"":""Building"",""right"":""Create""}]",,
E_SCI_L085_Q841,85,Inventor's Workshop: Review,Who creates inventions?,Farmer,Inventor,Doctor,Teacher,Inventor,MCQ,,,
E_SCI_L085_Q842,85,Inventor's Workshop: Review,Engineers solve problems.,TRUE,FALSE,,,TRUE,MCQ,,,
E_SCI_L085_Q843,85,Inventor's Workshop: Review,What comes before building?,Stop,Sleep,Plan,Eat,Plan,MCQ,,,
E_SCI_L085_Q844,85,Inventor's Workshop: Review,Which invention gives light?,Book,Chair,Bulb,Spoon,Bulb,MCQ,,,
E_SCI_L085_Q845,85,Inventor's Workshop: Review,Should we improve designs?,Yes,No,,,Yes,MCQ,,,
E_SCI_L085_Q846,85,Inventor's Workshop: Review,Mistakes can help us learn.,TRUE,FALSE,,,TRUE,MCQ,,,
E_SCI_L085_Q847,85,Inventor's Workshop: Review,Which invention helps travel?,Book,Cup,Bicycle,Plate,Bicycle,MCQ,,,
E_SCI_L085_Q848,85,Inventor's Workshop: Review,What do inventors use to test ideas?,Cloud,Water,Model,Rock,Model,MCQ,,,
E_SCI_L085_Q849,85,Inventor's Workshop: Review,Match the inventor role.,,,,,,Match,"[{""left"":""Inventor"",""right"":""Creates""},{""left"":""Engineer"",""right"":""Builds""},{""left"":""Tester"",""right"":""Checks""},{""left"":""Designer"",""right"":""Plans""}]",,
E_SCI_L085_Q850,85,Inventor's Workshop: Review,Match the invention.,,,,,,Match,"[{""left"":""Bulb"",""right"":""Light""},{""left"":""Bicycle"",""right"":""Travel""},{""left"":""Phone"",""right"":""Talk""},{""left"":""Umbrella"",""right"":""Rain""}]",,
E_SCI_L086_Q851,86,Inventor's Workshop: Review,An invention solves a problem.,TRUE,FALSE,,,TRUE,MCQ,,,
E_SCI_L086_Q852,86,Inventor's Workshop: Review,What should engineers do after testing?,Hide,Stop,Throw,Improve,Improve,MCQ,,,
E_SCI_L086_Q853,86,Inventor's Workshop: Review,Which helps create new ideas?,Creativity,Sadness,Noise,Fear,Creativity,MCQ,,,
E_SCI_L086_Q854,86,Inventor's Workshop: Review,Which invention helps communication?,Book,Tree,Phone,Rock,Phone,MCQ,,,
E_SCI_L086_Q855,86,Inventor's Workshop: Review,What material is strong?,Leaf,Metal,Cloth,Paper,Metal,MCQ,,,
E_SCI_L086_Q856,86,Inventor's Workshop: Review,Can teamwork solve problems?,Yes,No,,,Yes,MCQ,,,
E_SCI_L086_Q857,86,Inventor's Workshop: Review,Which invention shows time?,Shoe,Clock,Pen,Cup,Clock,MCQ,,,
E_SCI_L086_Q858,86,Inventor's Workshop: Review,Should a design be safe?,Yes,No,,,Yes,MCQ,,,
E_SCI_L086_Q859,86,Inventor's Workshop: Review,Match the design process.,,,,,,Match,"[{""left"":""Ask"",""right"":""Problem""},{""left"":""Imagine"",""right"":""Ideas""},{""left"":""Build"",""right"":""Create""},{""left"":""Test"",""right"":""Check""}]",,
E_SCI_L086_Q860,86,Inventor's Workshop: Review,Match the invention use.,,,,,,Match,"[{""left"":""Computer"",""right"":""Work""},{""left"":""Camera"",""right"":""Photos""},{""left"":""Car"",""right"":""Transport""},{""left"":""Clock"",""right"":""Time""}]",,
E_SCI_L087_Q861,87,Inventor's Workshop: Review,Inventors create new things.,TRUE,FALSE,,,TRUE,MCQ,,,
E_SCI_L087_Q862,87,Inventor's Workshop: Review,What helps solve problems?,Sleeping,Hiding,Waiting,Thinking,Thinking,MCQ,,,
E_SCI_L087_Q863,87,Inventor's Workshop: Review,Which invention gives light?,Plate,Chair,Book,Bulb,Bulb,MCQ,,,
E_SCI_L087_Q864,87,Inventor's Workshop: Review,Why do we test designs?,Stop work,Make noise,Play games,Find problems,Find problems,MCQ,,,
E_SCI_L087_Q865,87,Inventor's Workshop: Review,Which invention helps travel?,Tree,Glass,Bicycle,Rock,Bicycle,MCQ,,,
E_SCI_L087_Q866,87,Inventor's Workshop: Review,What should you do after failure?,Stop,Ignore,Quit,Try again,Try again,MCQ,,,
E_SCI_L087_Q867,87,Inventor's Workshop: Review,Which skill creates ideas?,Sadness,Fear,Anger,Creativity,Creativity,MCQ,,,
E_SCI_L087_Q868,87,Inventor's Workshop: Review,What makes a design better?,Improve,Break,Hide,Forget,Improve,MCQ,,,
E_SCI_L087_Q869,87,Inventor's Workshop: Review,Match the invention.,,,,,,Match,"[{""left"":""Wheel"",""right"":""Movement""},{""left"":""Bulb"",""right"":""Light""},{""left"":""Phone"",""right"":""Communication""},{""left"":""Umbrella"",""right"":""Rain""}]",,
E_SCI_L087_Q870,87,Inventor's Workshop: Review,Match the engineer steps.,,,,,,Match,"[{""left"":""Ask"",""right"":""Problem""},{""left"":""Plan"",""right"":""Design""},{""left"":""Build"",""right"":""Model""},{""left"":""Improve"",""right"":""Better""}]",,
E_SCI_L088_Q871,88,Nature & Ecosystems,A habitat is a home for living things.,TRUE,FALSE,,,TRUE,MCQ,,,
E_SCI_L088_Q872,88,Nature & Ecosystems,Animals need habitats to survive.,TRUE,FALSE,,,TRUE,MCQ,,,
E_SCI_L088_Q873,88,Nature & Ecosystems,Can a forest be a habitat?,Yes,No,,,Yes,MCQ,,,
E_SCI_L088_Q874,88,Nature & Ecosystems,Where do fish live?,Desert,Sky,Tree,Water,Water,MCQ,,,
E_SCI_L088_Q875,88,Nature & Ecosystems,Which is a habitat?,Car,Chair,Forest,Book,Forest,MCQ,,,
E_SCI_L088_Q876,88,Nature & Ecosystems,Where do camels live?,Forest,Desert,Pond,Ocean,Desert,MCQ,,,
E_SCI_L088_Q877,88,Nature & Ecosystems,What do animals need in habitats?,Food,Plastic,Glass,Metal,Food,MCQ,,,
E_SCI_L088_Q878,88,Nature & Ecosystems,Which animal lives in the ocean?,Fish,Cow,Eagle,Tiger,Fish,MCQ,,,
E_SCI_L088_Q879,88,Nature & Ecosystems,Match the habitat.,,,,,,Match,"[{""left"":""Forest"",""right"":""Trees""},{""left"":""Ocean"",""right"":""Fish""},{""left"":""Desert"",""right"":""Camel""},{""left"":""Pond"",""right"":""Frog""}]",,
E_SCI_L088_Q880,88,Nature & Ecosystems,Match the animal home.,,,,,,Match,"[{""left"":""Bird"",""right"":""Nest""},{""left"":""Bee"",""right"":""Hive""},{""left"":""Rabbit"",""right"":""Burrow""},{""left"":""Fish"",""right"":""Water""}]",,
E_SCI_L089_Q881,89,Nature & Ecosystems,An ecosystem has living things.,TRUE,FALSE,,,TRUE,MCQ,,,
E_SCI_L089_Q882,89,Nature & Ecosystems,Plants and animals are part of ecosystems.,TRUE,FALSE,,,TRUE,MCQ,,,
E_SCI_L089_Q883,89,Nature & Ecosystems,Can a pond be an ecosystem?,Yes,No,,,Yes,MCQ,,,
E_SCI_L089_Q884,89,Nature & Ecosystems,Which is a living thing?,Rock,Tree,Stone,Water,Tree,MCQ,,,
E_SCI_L089_Q885,89,Nature & Ecosystems,Which is non-living?,Bird,Fish,Tree,Rock,Rock,MCQ,,,
E_SCI_L089_Q886,89,Nature & Ecosystems,What do plants need to grow?,Metal,Sunlight,Glass,Plastic,Sunlight,MCQ,,,
E_SCI_L089_Q887,89,Nature & Ecosystems,Which ecosystem has many trees?,Ice,Ocean,Forest,Desert,Forest,MCQ,,,
E_SCI_L089_Q888,89,Nature & Ecosystems,Which ecosystem has salty water?,Garden,Ocean,Forest,Pond,Ocean,MCQ,,,
E_SCI_L089_Q889,89,Nature & Ecosystems,Match the ecosystem.,,,,,,Match,"[{""left"":""Forest"",""right"":""Trees""},{""left"":""Ocean"",""right"":""Fish""},{""left"":""Pond"",""right"":""Frogs""},{""left"":""Desert"",""right"":""Sand""}]",,
E_SCI_L089_Q890,89,Nature & Ecosystems,Match living things.,,,,,,Match,"[{""left"":""Plant"",""right"":""Living""},{""left"":""Animal"",""right"":""Living""},{""left"":""Rock"",""right"":""Non-living""},{""left"":""Water"",""right"":""Non-living""}]",,
E_SCI_L090_Q891,90,Nature & Ecosystems,Plants make their own food.,TRUE,FALSE,,,TRUE,MCQ,,,
E_SCI_L090_Q892,90,Nature & Ecosystems,A food chain shows who eats whom.,TRUE,FALSE,,,TRUE,MCQ,,,
E_SCI_L090_Q893,90,Nature & Ecosystems,What starts most food chains?,Animals,Rock,Water,Plants,Plants,MCQ,,,
E_SCI_L090_Q894,90,Nature & Ecosystems,Animals that eat plants are?,Herbivores,Birds,Carnivores,Fish,Herbivores,MCQ,,,
E_SCI_L090_Q895,90,Nature & Ecosystems,Animals that eat other animals are?,Plants,Carnivores,Trees,Herbivores,Carnivores,MCQ,,,
E_SCI_L090_Q896,90,Nature & Ecosystems,Who eats grass in a food chain?,Lion,Shark,Cow,Eagle,Cow,MCQ,,,
E_SCI_L090_Q897,90,Nature & Ecosystems,Who is a predator?,Tree,Grass,Lion,Cow,Lion,MCQ,,,
E_SCI_L090_Q898,90,Nature & Ecosystems,Who is prey for a lion?,Rock,Tree,Water,Deer,Deer,MCQ,,,
E_SCI_L090_Q899,90,Nature & Ecosystems,Match the food chain.,,,,,,Match,"[{""left"":""Grass"",""right"":""Producer""},{""left"":""Rabbit"",""right"":""Consumer""},{""left"":""Lion"",""right"":""Predator""},{""left"":""Sun"",""right"":""Energy""}]",,
E_SCI_L090_Q900,90,Nature & Ecosystems,Match the role.,,,,,,Match,"[{""left"":""Plant"",""right"":""Makes food""},{""left"":""Herbivore"",""right"":""Eats plants""},{""left"":""Carnivore"",""right"":""Eats animals""},{""left"":""Predator"",""right"":""Hunts""}]",,
E_SCI_L091_Q901,91,Nature & Ecosystems,Biodiversity means many kinds of life.,TRUE,FALSE,,,TRUE,MCQ,,,
E_SCI_L091_Q902,91,Nature & Ecosystems,Plants and animals are part of biodiversity.,TRUE,FALSE,,,TRUE,MCQ,,,
E_SCI_L091_Q903,91,Nature & Ecosystems,Is a variety of species important?,Yes,No,,,Yes,MCQ,,,
E_SCI_L091_Q904,91,Nature & Ecosystems,Which has many different species?,Chair,Book,Forest,Car,Forest,MCQ,,,
E_SCI_L091_Q905,91,Nature & Ecosystems,Which is an endangered animal?,Rock,Table,Tiger,Cloud,Tiger,MCQ,,,
E_SCI_L091_Q906,91,Nature & Ecosystems,Why should we protect animals?,Dust,Trash,Noise,Balance,Balance,MCQ,,,
E_SCI_L091_Q907,91,Nature & Ecosystems,Which group includes many living things?,Stone,Metal,Species,Water,Species,MCQ,,,
E_SCI_L091_Q908,91,Nature & Ecosystems,Can plants and animals depend on each other?,Yes,No,,,Yes,MCQ,,,
E_SCI_L091_Q909,91,Nature & Ecosystems,Match the living thing.,,,,,,Match,"[{""left"":""Tiger"",""right"":""Animal""},{""left"":""Rose"",""right"":""Plant""},{""left"":""Butterfly"",""right"":""Insect""},{""left"":""Fish"",""right"":""Water""}]",,
E_SCI_L091_Q910,91,Nature & Ecosystems,Match the biodiversity idea.,,,,,,Match,"[{""left"":""Many species"",""right"":""Diversity""},{""left"":""Protect animals"",""right"":""Conservation""},{""left"":""Rare animals"",""right"":""Endangered""},{""left"":""Forest"",""right"":""Habitat""}]",,
E_SCI_L092_Q911,92,Nature & Ecosystems,We should protect nature.,TRUE,FALSE,,,TRUE,MCQ,,,
E_SCI_L092_Q912,92,Nature & Ecosystems,Planting trees helps the environment.,TRUE,FALSE,,,TRUE,MCQ,,,
E_SCI_L092_Q913,92,Nature & Ecosystems,Can recycling reduce waste?,Yes,No,,,Yes,MCQ,,,
E_SCI_L092_Q914,92,Nature & Ecosystems,Which helps save water?,Turn off tap,Spill water,Waste water,Leave tap,Turn off tap,MCQ,,,
E_SCI_L092_Q915,92,Nature & Ecosystems,Which action protects forests?,Drop trash,Burn trees,Cut trees,Plant trees,Plant trees,MCQ,,,
E_SCI_L092_Q916,92,Nature & Ecosystems,What should we do with trash?,Throw,Hide,Recycle,Burn,Recycle,MCQ,,,
E_SCI_L092_Q917,92,Nature & Ecosystems,Which causes pollution?,Plants,Trees,Smoke,Rain,Smoke,MCQ,,,
E_SCI_L092_Q918,92,Nature & Ecosystems,Why save animals?,Make noise,Build roads,Catch all,Protect life,Protect life,MCQ,,,
E_SCI_L092_Q919,92,Nature & Ecosystems,Match the action.,,,,,,Match,"[{""left"":""Recycle"",""right"":""Reduce waste""},{""left"":""Plant trees"",""right"":""Help forests""},{""left"":""Save water"",""right"":""Conserve""},{""left"":""Protect animals"",""right"":""Care""}]",,
E_SCI_L092_Q920,92,Nature & Ecosystems,Match the nature care.,,,,,,Match,"[{""left"":""Forest"",""right"":""Protect""},{""left"":""River"",""right"":""Keep clean""},{""left"":""Animals"",""right"":""Save""},{""left"":""Plants"",""right"":""Grow""}]",,
E_SCI_L093_Q921,93,Nature & Ecosystems: Review,A habitat is a home for living things.,TRUE,FALSE,,,TRUE,MCQ,,,
E_SCI_L093_Q922,93,Nature & Ecosystems: Review,Which ecosystem has many trees?,Desert,Ice,Ocean,Forest,Forest,MCQ,,,
E_SCI_L093_Q923,93,Nature & Ecosystems: Review,What starts most food chains?,Plants,Rocks,Animals,Water,Plants,MCQ,,,
E_SCI_L093_Q924,93,Nature & Ecosystems: Review,What does biodiversity mean?,Only plants,One species,No life,Many species,Many species,MCQ,,,
E_SCI_L093_Q925,93,Nature & Ecosystems: Review,Which action helps nature?,Waste,Burn,Pollute,Recycle,Recycle,MCQ,,,
E_SCI_L093_Q926,93,Nature & Ecosystems: Review,Fish live in water habitats.,TRUE,FALSE,,,TRUE,MCQ,,,
E_SCI_L093_Q927,93,Nature & Ecosystems: Review,Which is non-living?,Rock,Fish,Bird,Tree,Rock,MCQ,,,
E_SCI_L093_Q928,93,Nature & Ecosystems: Review,A lion is a predator.,TRUE,FALSE,,,TRUE,MCQ,,,
E_SCI_L093_Q929,93,Nature & Ecosystems: Review,Match the habitat.,,,,,,Match,"[{""left"":""Ocean"",""right"":""Fish""},{""left"":""Forest"",""right"":""Trees""},{""left"":""Desert"",""right"":""Camel""},{""left"":""Pond"",""right"":""Frog""}]",,
E_SCI_L093_Q930,93,Nature & Ecosystems: Review,Match the nature action.,,,,,,Match,"[{""left"":""Recycle"",""right"":""Reduce waste""},{""left"":""Plant trees"",""right"":""Help forests""},{""left"":""Save water"",""right"":""Conserve""},{""left"":""Protect animals"",""right"":""Care""}]",,
E_SCI_L094_Q931,94,Nature & Ecosystems: Review,Animals need habitats to survive.,TRUE,FALSE,,,TRUE,MCQ,,,
E_SCI_L094_Q932,94,Nature & Ecosystems: Review,Which is a living thing?,Rock,Water,Tree,Stone,Tree,MCQ,,,
E_SCI_L094_Q933,94,Nature & Ecosystems: Review,Who eats plants?,Herbivore,Predator,Rock,Carnivore,Herbivore,MCQ,,,
E_SCI_L094_Q934,94,Nature & Ecosystems: Review,Which animal is endangered?,Cup,Book,Chair,Tiger,Tiger,MCQ,,,
E_SCI_L094_Q935,94,Nature & Ecosystems: Review,Why plant trees?,Cut wood,Make trash,Help forests,Pollute,Help forests,MCQ,,,
E_SCI_L094_Q936,94,Nature & Ecosystems: Review,Can ecosystems have living and non-living things?,Yes,No,,,Yes,MCQ,,,
E_SCI_L094_Q937,94,Nature & Ecosystems: Review,Who hunts other animals?,Rock,Plant,Water,Predator,Predator,MCQ,,,
E_SCI_L094_Q938,94,Nature & Ecosystems: Review,Can recycling reduce waste?,Yes,No,,,Yes,MCQ,,,
E_SCI_L094_Q939,94,Nature & Ecosystems: Review,Match the ecosystem.,,,,,,Match,"[{""left"":""Ocean"",""right"":""Salt water""},{""left"":""Forest"",""right"":""Many trees""},{""left"":""Desert"",""right"":""Dry land""},{""left"":""Pond"",""right"":""Frogs""}]",,
E_SCI_L094_Q940,94,Nature & Ecosystems: Review,Match the food chain role.,,,,,,Match,"[{""left"":""Plant"",""right"":""Producer""},{""left"":""Rabbit"",""right"":""Consumer""},{""left"":""Lion"",""right"":""Predator""},{""left"":""Sun"",""right"":""Energy""}]",,
E_SCI_L095_Q941,95,Nature & Ecosystems: Review,A habitat provides a home.,TRUE,FALSE,,,TRUE,MCQ,,,
E_SCI_L095_Q942,95,Nature & Ecosystems: Review,Which ecosystem has fish?,Ocean,Mountain,Forest,Desert,Ocean,MCQ,,,
E_SCI_L095_Q943,95,Nature & Ecosystems: Review,Plants are producers.,TRUE,FALSE,,,TRUE,MCQ,,,
E_SCI_L095_Q944,95,Nature & Ecosystems: Review,What protects biodiversity?,Waste,Damage,Pollution,Conservation,Conservation,MCQ,,,
E_SCI_L095_Q945,95,Nature & Ecosystems: Review,Which action saves nature?,Waste,Burn,Recycle,Litter,Recycle,MCQ,,,
E_SCI_L095_Q946,95,Nature & Ecosystems: Review,What does a food web show?,Water flow,Food links,Weather,Rock types,Food links,MCQ,,,
E_SCI_L095_Q947,95,Nature & Ecosystems: Review,Which is a non-living part?,Bird,Rock,Tree,Fish,Rock,MCQ,,,
E_SCI_L095_Q948,95,Nature & Ecosystems: Review,Why are many species important?,Trash,Balance,Noise,Smoke,Balance,MCQ,,,
E_SCI_L095_Q949,95,Nature & Ecosystems: Review,Match the living role.,,,,,,Match,"[{""left"":""Plant"",""right"":""Producer""},{""left"":""Deer"",""right"":""Herbivore""},{""left"":""Lion"",""right"":""Carnivore""},{""left"":""Bee"",""right"":""Insect""}]",,
E_SCI_L095_Q950,95,Nature & Ecosystems: Review,Match the protection action.,,,,,,Match,"[{""left"":""Recycle"",""right"":""Reduce waste""},{""left"":""Plant trees"",""right"":""Grow forests""},{""left"":""Save water"",""right"":""Conserve""},{""left"":""Protect animals"",""right"":""Care""}]",,
E_SCI_L096_Q951,96,Environment Heroes,Recycling helps reduce waste.,TRUE,FALSE,,,TRUE,MCQ,,,
E_SCI_L096_Q952,96,Environment Heroes,Can paper be recycled?,Yes,No,,,Yes,MCQ,,,
E_SCI_L096_Q953,96,Environment Heroes,Recycling means using materials again.,TRUE,FALSE,,,TRUE,MCQ,,,
E_SCI_L096_Q954,96,Environment Heroes,Which item can be recycled?,Water,Food,Smoke,Paper,Paper,MCQ,,,
E_SCI_L096_Q955,96,Environment Heroes,Which bin holds recyclable items?,Food,Water,Trash,Recycle,Recycle,MCQ,,,
E_SCI_L096_Q956,96,Environment Heroes,Which material is recyclable?,Air,Smoke,Plastic,Stone,Plastic,MCQ,,,
E_SCI_L096_Q957,96,Environment Heroes,Why do we recycle?,Waste water,Cause pollution,Make waste,Save Earth,Save Earth,MCQ,,,
E_SCI_L096_Q958,96,Environment Heroes,Which can be reused?,Smoke,Bottle,Cloud,Dust,Bottle,MCQ,,,
E_SCI_L096_Q959,96,Environment Heroes,Match the recyclable item.,,,,,,Match,"[{""left"":""Paper"",""right"":""Recycle""},{""left"":""Plastic"",""right"":""Recycle""},{""left"":""Glass"",""right"":""Recycle""},{""left"":""Can"",""right"":""Recycle""}]",,
E_SCI_L096_Q960,96,Environment Heroes,Match the action.,,,,,,Match,"[{""left"":""Reuse"",""right"":""Use again""},{""left"":""Recycle"",""right"":""Make new""},{""left"":""Reduce"",""right"":""Use less""},{""left"":""Sort"",""right"":""Separate""}]",,
E_SCI_L097_Q961,97,Environment Heroes,Pollution harms nature.,TRUE,FALSE,,,TRUE,MCQ,,,
E_SCI_L097_Q962,97,Environment Heroes,Smoke causes air pollution.,TRUE,FALSE,,,TRUE,MCQ,,,
E_SCI_L097_Q963,97,Environment Heroes,Can trash pollute water?,Yes,No,,,Yes,MCQ,,,
E_SCI_L097_Q964,97,Environment Heroes,Which causes air pollution?,Tree,Flower,Smoke,Water,Smoke,MCQ,,,
E_SCI_L097_Q965,97,Environment Heroes,Which keeps places clean?,Burn,Recycle,Throw,Litter,Recycle,MCQ,,,
E_SCI_L097_Q966,97,Environment Heroes,Where does water pollution happen?,Rivers,Mountains,Sky,Clouds,Rivers,MCQ,,,
E_SCI_L097_Q967,97,Environment Heroes,Which is harmful waste?,Plastic,Tree,Grass,Flower,Plastic,MCQ,,,
E_SCI_L097_Q968,97,Environment Heroes,Should we throw trash on roads?,No,Yes,,,No,MCQ,,,
E_SCI_L097_Q969,97,Environment Heroes,Match the pollution type.,,,,,,Match,"[{""left"":""Smoke"",""right"":""Air pollution""},{""left"":""Trash"",""right"":""Land pollution""},{""left"":""Chemicals"",""right"":""Water pollution""},{""left"":""Noise"",""right"":""Sound pollution""}]",,
E_SCI_L097_Q970,97,Environment Heroes,Match the clean action.,,,,,,Match,"[{""left"":""Recycle"",""right"":""Less waste""},{""left"":""Plant trees"",""right"":""Clean air""},{""left"":""Save water"",""right"":""Clean rivers""},{""left"":""Walk"",""right"":""Less smoke""}]",,
E_SCI_L098_Q971,98,Environment Heroes,Climate change affects Earth.,TRUE,FALSE,,,TRUE,MCQ,,,
E_SCI_L098_Q972,98,Environment Heroes,Earth is getting warmer.,TRUE,FALSE,,,TRUE,MCQ,,,
E_SCI_L098_Q973,98,Environment Heroes,Can saving energy help Earth?,Yes,No,,,Yes,MCQ,,,
E_SCI_L098_Q974,98,Environment Heroes,What traps heat in Earth atmosphere?,Sand,Rock,Gases,Water,Gases,MCQ,,,
E_SCI_L098_Q975,98,Environment Heroes,Which gas causes warming?,Steam,Carbon dioxide,Oxygen,Helium,Carbon dioxide,MCQ,,,
E_SCI_L098_Q976,98,Environment Heroes,Which action saves energy?,Leave lights,Turn off lights,Waste power,Use more,Turn off lights,MCQ,,,
E_SCI_L098_Q977,98,Environment Heroes,Planting trees helps Earth.,TRUE,FALSE,,,TRUE,MCQ,,,
E_SCI_L098_Q978,98,Environment Heroes,What can reduce climate change?,Clean energy,Trash,Smoke,Plastic,Clean energy,MCQ,,,
E_SCI_L098_Q979,98,Environment Heroes,Match the action.,,,,,,Match,"[{""left"":""Plant trees"",""right"":""Absorb carbon""},{""left"":""Save energy"",""right"":""Reduce use""},{""left"":""Recycle"",""right"":""Less waste""},{""left"":""Walk"",""right"":""Less smoke""}]",,
E_SCI_L098_Q980,98,Environment Heroes,Match the climate idea.,,,,,,Match,"[{""left"":""Global warming"",""right"":""Hotter Earth""},{""left"":""Carbon dioxide"",""right"":""Heat gas""},{""left"":""Trees"",""right"":""Clean air""},{""left"":""Energy"",""right"":""Power""}]",,
E_SCI_L099_Q981,99,Environment Heroes,Conservation means protecting nature.,TRUE,FALSE,,,TRUE,MCQ,,,
E_SCI_L099_Q982,99,Environment Heroes,We should save water.,TRUE,FALSE,,,TRUE,MCQ,,,
E_SCI_L099_Q983,99,Environment Heroes,Can trees protect Earth?,Yes,No,,,Yes,MCQ,,,
E_SCI_L099_Q984,99,Environment Heroes,Which saves water?,Spill water,Waste water,Close tap,Leave tap,Close tap,MCQ,,,
E_SCI_L099_Q985,99,Environment Heroes,Why plant trees?,Cause smoke,Make trash,Waste water,Clean air,Clean air,MCQ,,,
E_SCI_L099_Q986,99,Environment Heroes,Which is a natural resource?,Water,Plastic,Toy,Glass,Water,MCQ,,,
E_SCI_L099_Q987,99,Environment Heroes,Which energy is renewable?,Solar,Gas,Oil,Coal,Solar,MCQ,,,
E_SCI_L099_Q988,99,Environment Heroes,Should we protect animals?,Yes,No,,,Yes,MCQ,,,
E_SCI_L099_Q989,99,Environment Heroes,Match the conservation action.,,,,,,Match,"[{""left"":""Plant trees"",""right"":""Grow forests""},{""left"":""Save water"",""right"":""Conserve""},{""left"":""Protect animals"",""right"":""Care""},{""left"":""Save energy"",""right"":""Reduce use""}]",,
E_SCI_L099_Q990,99,Environment Heroes,Match the resource.,,,,,,Match,"[{""left"":""Sun"",""right"":""Solar energy""},{""left"":""Wind"",""right"":""Wind energy""},{""left"":""Water"",""right"":""Resource""},{""left"":""Trees"",""right"":""Forest""}]",,
E_SCI_L100_Q991,100,Environment Heroes,Everyone can help Earth.,TRUE,FALSE,,,TRUE,MCQ,,,
E_SCI_L100_Q992,100,Environment Heroes,An environment hero cares for nature.,TRUE,FALSE,,,TRUE,MCQ,,,
E_SCI_L100_Q993,100,Environment Heroes,Can children protect Earth?,Yes,No,,,Yes,MCQ,,,
E_SCI_L100_Q994,100,Environment Heroes,Which is an eco-friendly action?,Recycle,Waste,Burn,Litter,Recycle,MCQ,,,
E_SCI_L100_Q995,100,Environment Heroes,What saves electricity?,Use more,Waste power,Turn off lights,Leave lights,Turn off lights,MCQ,,,
E_SCI_L100_Q996,100,Environment Heroes,Which helps reduce pollution?,Smoke,Dump,Walk,Litter,Walk,MCQ,,,
E_SCI_L100_Q997,100,Environment Heroes,What should we do with trees?,Cut,Ignore,Burn,Protect,Protect,MCQ,,,
E_SCI_L100_Q998,100,Environment Heroes,Which habit helps nature?,Throw,Pollute,Reuse,Waste,Reuse,MCQ,,,
E_SCI_L100_Q999,100,Environment Heroes,Match the hero action.,,,,,,Match,"[{""left"":""Recycle"",""right"":""Save materials""},{""left"":""Plant trees"",""right"":""Help Earth""},{""left"":""Save water"",""right"":""Protect resources""},{""left"":""Walk"",""right"":""Clean air""}]",,
E_SCI_L100_Q1000,100,Environment Heroes,Match the green habit.,,,,,,Match,"[{""left"":""Reuse"",""right"":""Use again""},{""left"":""Reduce"",""right"":""Use less""},{""left"":""Recycle"",""right"":""Make new""},{""left"":""Protect"",""right"":""Keep safe""}]",,
E_SCI_L101_Q1001,101,Environment Heroes: Review,Recycling reduces waste.,TRUE,FALSE,,,TRUE,MCQ,,,
E_SCI_L101_Q1002,101,Environment Heroes: Review,Which causes air pollution?,Smoke,Water,Flower,Tree,Smoke,MCQ,,,
E_SCI_L101_Q1003,101,Environment Heroes: Review,Planting trees helps Earth.,TRUE,FALSE,,,TRUE,MCQ,,,
E_SCI_L101_Q1004,101,Environment Heroes: Review,What saves water?,Waste water,Spill,Leave tap,Close tap,Close tap,MCQ,,,
E_SCI_L101_Q1005,101,Environment Heroes: Review,Which item can be recycled?,Paper,Smoke,Cloud,Stone,Paper,MCQ,,,
E_SCI_L101_Q1006,101,Environment Heroes: Review,Can children help nature?,Yes,No,,,Yes,MCQ,,,
E_SCI_L101_Q1007,101,Environment Heroes: Review,What makes Earth warmer?,Rain,Ice,Trees,Gases,Gases,MCQ,,,
E_SCI_L101_Q1008,101,Environment Heroes: Review,Which energy is renewable?,Solar,Oil,Coal,Gas,Solar,MCQ,,,
E_SCI_L101_Q1009,101,Environment Heroes: Review,Match the action.,,,,,,Match,"[{""left"":""Recycle"",""right"":""Reduce waste""},{""left"":""Plant trees"",""right"":""Clean air""},{""left"":""Save water"",""right"":""Conserve""},{""left"":""Walk"",""right"":""Less smoke""}]",,
E_SCI_L101_Q1010,101,Environment Heroes: Review,Match the pollution type.,,,,,,Match,"[{""left"":""Smoke"",""right"":""Air""},{""left"":""Trash"",""right"":""Land""},{""left"":""Chemicals"",""right"":""Water""},{""left"":""Noise"",""right"":""Sound""}]",,
E_SCI_L102_Q1011,102,Environment Heroes: Review,Recycling means using materials again.,TRUE,FALSE,,,TRUE,MCQ,,,
E_SCI_L102_Q1012,102,Environment Heroes: Review,Which pollutes rivers?,Tree,Trash,Flower,Sun,Trash,MCQ,,,
E_SCI_L102_Q1013,102,Environment Heroes: Review,What helps reduce climate change?,Plastic,Clean energy,Smoke,Waste,Clean energy,MCQ,,,
E_SCI_L102_Q1014,102,Environment Heroes: Review,Why protect forests?,Pollute,Make waste,Save nature,Cut trees,Save nature,MCQ,,,
E_SCI_L102_Q1015,102,Environment Heroes: Review,Which habit helps Earth?,Burn,Reuse,Throw,Waste,Reuse,MCQ,,,
E_SCI_L102_Q1016,102,Environment Heroes: Review,Can recycling save resources?,Yes,No,,,Yes,MCQ,,,
E_SCI_L102_Q1017,102,Environment Heroes: Review,Which gas traps heat?,Nitrogen,Helium,Carbon dioxide,Oxygen,Carbon dioxide,MCQ,,,
E_SCI_L102_Q1018,102,Environment Heroes: Review,Should we protect animals?,Yes,No,,,Yes,MCQ,,,
E_SCI_L102_Q1019,102,Environment Heroes: Review,Match the green action.,,,,,,Match,"[{""left"":""Recycle"",""right"":""Save materials""},{""left"":""Reuse"",""right"":""Use again""},{""left"":""Reduce"",""right"":""Use less""},{""left"":""Protect"",""right"":""Keep safe""}]",,
E_SCI_L102_Q1020,102,Environment Heroes: Review,Match the resource.,,,,,,Match,"[{""left"":""Sun"",""right"":""Solar""},{""left"":""Wind"",""right"":""Renewable""},{""left"":""Water"",""right"":""Resource""},{""left"":""Trees"",""right"":""Forest""}]",,
E_SCI_L103_Q1021,103,Environment Heroes: Review,Recycling helps protect Earth.,TRUE,FALSE,,,TRUE,MCQ,,,
E_SCI_L103_Q1022,103,Environment Heroes: Review,Which causes pollution?,Tree,Flower,Water,Smoke,Smoke,MCQ,,,
E_SCI_L103_Q1023,103,Environment Heroes: Review,What helps cool Earth?,Trash,Trees,Plastic,Smoke,Trees,MCQ,,,
E_SCI_L103_Q1024,103,Environment Heroes: Review,Conservation means protecting nature.,TRUE,FALSE,,,TRUE,MCQ,,,
E_SCI_L103_Q1025,103,Environment Heroes: Review,Which is eco-friendly?,Litter,Waste,Reuse,Burn,Reuse,MCQ,,,
E_SCI_L103_Q1026,103,Environment Heroes: Review,Why save energy?,Help Earth,Create trash,Make smoke,Waste power,Help Earth,MCQ,,,
E_SCI_L103_Q1027,103,Environment Heroes: Review,Which can be recycled?,Food,Glass,Smoke,Cloud,Glass,MCQ,,,
E_SCI_L103_Q1028,103,Environment Heroes: Review,Who can be an environment hero?,No one,Only teachers,Only adults,Everyone,Everyone,MCQ,,,
E_SCI_L103_Q1029,103,Environment Heroes: Review,Match the Earth action.,,,,,,Match,"[{""left"":""Recycle"",""right"":""Less waste""},{""left"":""Save water"",""right"":""Conserve""},{""left"":""Plant trees"",""right"":""Clean air""},{""left"":""Walk"",""right"":""Less pollution""}]",,
E_SCI_L103_Q1030,103,Environment Heroes: Review,Match the climate idea.,,,,,,Match,"[{""left"":""Global warming"",""right"":""Warmer Earth""},{""left"":""Carbon dioxide"",""right"":""Heat gas""},{""left"":""Solar energy"",""right"":""Clean power""},{""left"":""Trees"",""right"":""Absorb carbon""}]",,
E_SCI_L104_Q1031,104,Technology Around Us,A computer is an electronic device.,TRUE,FALSE,,,TRUE,MCQ,,,
E_SCI_L104_Q1032,104,Technology Around Us,Computers help people work.,TRUE,FALSE,,,TRUE,MCQ,,,
E_SCI_L104_Q1033,104,Technology Around Us,Can computers store information?,Yes,No,,,Yes,MCQ,,,
E_SCI_L104_Q1034,104,Technology Around Us,Which part shows pictures?,Speaker,Monitor,Keyboard,Mouse,Monitor,MCQ,,,
E_SCI_L104_Q1035,104,Technology Around Us,Which part is used for typing?,Keyboard,Screen,Printer,Mouse,Keyboard,MCQ,,,
E_SCI_L104_Q1036,104,Technology Around Us,Which device controls the pointer?,Camera,Speaker,Monitor,Mouse,Mouse,MCQ,,,
E_SCI_L104_Q1037,104,Technology Around Us,Which part gives sound?,Screen,Keyboard,Speaker,Cable,Speaker,MCQ,,,
E_SCI_L104_Q1038,104,Technology Around Us,What do computers use to follow commands?,Trees,Water,Food,Programs,Programs,MCQ,,,
E_SCI_L104_Q1039,104,Technology Around Us,Match the computer part.,,,,,,Match,"[{""left"":""Monitor"",""right"":""Shows images""},{""left"":""Keyboard"",""right"":""Typing""},{""left"":""Mouse"",""right"":""Clicking""},{""left"":""Speaker"",""right"":""Sound""}]",,
E_SCI_L104_Q1040,104,Technology Around Us,Match the device use.,,,,,,Match,"[{""left"":""Computer"",""right"":""Work""},{""left"":""Printer"",""right"":""Paper""},{""left"":""Camera"",""right"":""Photos""},{""left"":""Keyboard"",""right"":""Typing""}]",,
E_SCI_L105_Q1041,105,Technology Around Us,Digital devices use technology.,TRUE,FALSE,,,TRUE,MCQ,,,
E_SCI_L105_Q1042,105,Technology Around Us,A smartphone can make calls.,TRUE,FALSE,,,TRUE,MCQ,,,
E_SCI_L105_Q1043,105,Technology Around Us,Can tablets show videos?,Yes,No,,,Yes,MCQ,,,
E_SCI_L105_Q1044,105,Technology Around Us,Which device takes photos?,Camera,Speaker,Keyboard,Printer,Camera,MCQ,,,
E_SCI_L105_Q1045,105,Technology Around Us,Which device can call people?,Monitor,Phone,Mouse,Scanner,Phone,MCQ,,,
E_SCI_L105_Q1046,105,Technology Around Us,Which device can show videos?,Tablet,Cable,Speaker,Keyboard,Tablet,MCQ,,,
E_SCI_L105_Q1047,105,Technology Around Us,Which device measures time?,Mouse,Printer,Smart watch,Camera,Smart watch,MCQ,,,
E_SCI_L105_Q1048,105,Technology Around Us,Which device prints papers?,Printer,Phone,Camera,Tablet,Printer,MCQ,,,
E_SCI_L105_Q1049,105,Technology Around Us,Match the digital device.,,,,,,Match,"[{""left"":""Phone"",""right"":""Calls""},{""left"":""Camera"",""right"":""Photos""},{""left"":""Tablet"",""right"":""Videos""},{""left"":""Watch"",""right"":""Time""}]",,
E_SCI_L105_Q1050,105,Technology Around Us,Match the device use.,,,,,,Match,"[{""left"":""Printer"",""right"":""Paper""},{""left"":""Phone"",""right"":""Messages""},{""left"":""Camera"",""right"":""Pictures""},{""left"":""Tablet"",""right"":""Learning""}]",,
E_SCI_L106_Q1051,106,Technology Around Us,A robot is a machine.,TRUE,FALSE,,,TRUE,MCQ,,,
E_SCI_L106_Q1052,106,Technology Around Us,Robots can follow instructions.,TRUE,FALSE,,,TRUE,MCQ,,,
E_SCI_L106_Q1053,106,Technology Around Us,Can robots help people?,Yes,No,,,Yes,MCQ,,,
E_SCI_L106_Q1054,106,Technology Around Us,Which is a robot?,Book,Robot arm,Tree,Chair,Robot arm,MCQ,,,
E_SCI_L106_Q1055,106,Technology Around Us,Robots need what to work?,Power,Soil,Food,Water,Power,MCQ,,,
E_SCI_L106_Q1056,106,Technology Around Us,Where can robots work?,Factory,Cloud,River,Forest,Factory,MCQ,,,
E_SCI_L106_Q1057,106,Technology Around Us,Which machine helps clean floors?,Camera,Phone,Keyboard,Robot vacuum,Robot vacuum,MCQ,,,
E_SCI_L106_Q1058,106,Technology Around Us,Robots can do repeated tasks.,TRUE,FALSE,,,TRUE,MCQ,,,
E_SCI_L106_Q1059,106,Technology Around Us,Match the robot use.,,,,,,Match,"[{""left"":""Robot arm"",""right"":""Factory""},{""left"":""Robot vacuum"",""right"":""Cleaning""},{""left"":""Drone"",""right"":""Flying""},{""left"":""Robot car"",""right"":""Driving""}]",,
E_SCI_L106_Q1060,106,Technology Around Us,Match the machine.,,,,,,Match,"[{""left"":""Machine"",""right"":""Work""},{""left"":""Robot"",""right"":""Instructions""},{""left"":""Sensor"",""right"":""Detect""},{""left"":""Motor"",""right"":""Movement""}]",,
E_SCI_L107_Q1061,107,Technology Around Us,AI means Artificial Intelligence.,TRUE,FALSE,,,TRUE,MCQ,,,
E_SCI_L107_Q1062,107,Technology Around Us,AI helps machines make decisions.,TRUE,FALSE,,,TRUE,MCQ,,,
E_SCI_L107_Q1063,107,Technology Around Us,Can AI recognize pictures?,Yes,No,,,Yes,MCQ,,,
E_SCI_L107_Q1064,107,Technology Around Us,Which uses AI?,Pencil,Chair,Book,Voice assistant,Voice assistant,MCQ,,,
E_SCI_L107_Q1065,107,Technology Around Us,AI learns from?,Data,Food,Soil,Water,Data,MCQ,,,
E_SCI_L107_Q1066,107,Technology Around Us,Which can understand speech?,Paper,Rock,Tree,AI,AI,MCQ,,,
E_SCI_L107_Q1067,107,Technology Around Us,AI can help find information.,TRUE,FALSE,,,TRUE,MCQ,,,
E_SCI_L107_Q1068,107,Technology Around Us,Which device may use AI?,Cup,Stone,Smartphone,Leaf,Smartphone,MCQ,,,
E_SCI_L107_Q1069,107,Technology Around Us,Match the AI example.,,,,,,Match,"[{""left"":""Voice assistant"",""right"":""Speech""},{""left"":""Face unlock"",""right"":""Recognition""},{""left"":""Recommendation"",""right"":""Suggestions""},{""left"":""Robot"",""right"":""Machine""}]",,
E_SCI_L107_Q1070,107,Technology Around Us,Match the AI idea.,,,,,,Match,"[{""left"":""AI"",""right"":""Smart system""},{""left"":""Data"",""right"":""Information""},{""left"":""Learning"",""right"":""Improving""},{""left"":""Computer"",""right"":""Technology""}]",,
E_SCI_L108_Q1071,108,Technology Around Us,Internet safety keeps us protected.,TRUE,FALSE,,,TRUE,MCQ,,,
E_SCI_L108_Q1072,108,Technology Around Us,We should keep passwords private.,TRUE,FALSE,,,TRUE,MCQ,,,
E_SCI_L108_Q1073,108,Technology Around Us,Can we share passwords with strangers?,No,Yes,,,No,MCQ,,,
E_SCI_L108_Q1074,108,Technology Around Us,Which password is safer?,Short,Simple,Easy,Strong,Strong,MCQ,,,
E_SCI_L108_Q1075,108,Technology Around Us,Who can help with online problems?,Parents,Stranger,Robot,,Parents,MCQ,,,
E_SCI_L108_Q1076,108,Technology Around Us,Should we be kind online?,Yes,No,,,Yes,MCQ,,,
E_SCI_L108_Q1077,108,Technology Around Us,What should we protect online?,Gifts,Privacy,Food,Toys,Privacy,MCQ,,,
E_SCI_L108_Q1078,108,Technology Around Us,Should we click unknown links?,No,Yes,,,No,MCQ,,,
E_SCI_L108_Q1079,108,Technology Around Us,Match the safety rule.,,,,,,Match,"[{""left"":""Password"",""right"":""Keep secret""},{""left"":""Privacy"",""right"":""Protect""},{""left"":""Stranger"",""right"":""Avoid""},{""left"":""Adult"",""right"":""Ask help""}]",,
E_SCI_L108_Q1080,108,Technology Around Us,Match the online habit.,,,,,,Match,"[{""left"":""Kind words"",""right"":""Respect""},{""left"":""Strong password"",""right"":""Safety""},{""left"":""Unknown link"",""right"":""Avoid""},{""left"":""Private data"",""right"":""Protect""}]",,
E_SCI_L109_Q1081,109,Technology Around Us: Review,A computer is an electronic device.,TRUE,FALSE,,,TRUE,MCQ,,,
E_SCI_L109_Q1082,109,Technology Around Us: Review,Which part is used for typing?,Mouse,Speaker,Monitor,Keyboard,Keyboard,MCQ,,,
E_SCI_L109_Q1083,109,Technology Around Us: Review,Which device takes photos?,Cable,Camera,Speaker,Printer,Camera,MCQ,,,
E_SCI_L109_Q1084,109,Technology Around Us: Review,A robot can follow instructions.,TRUE,FALSE,,,TRUE,MCQ,,,
E_SCI_L109_Q1085,109,Technology Around Us: Review,What does AI use to learn?,Data,Water,Food,Soil,Data,MCQ,,,
E_SCI_L109_Q1086,109,Technology Around Us: Review,Should passwords be private?,Yes,No,,,Yes,MCQ,,,
E_SCI_L109_Q1087,109,Technology Around Us: Review,Which device shows images?,Mouse,Keyboard,Monitor,Printer,Monitor,MCQ,,,
E_SCI_L109_Q1088,109,Technology Around Us: Review,Which machine can clean floors?,Phone,Camera,Tablet,Robot vacuum,Robot vacuum,MCQ,,,
E_SCI_L109_Q1089,109,Technology Around Us: Review,Match the device.,,,,,,Match,"[{""left"":""Keyboard"",""right"":""Typing""},{""left"":""Mouse"",""right"":""Clicking""},{""left"":""Camera"",""right"":""Photos""},{""left"":""Speaker"",""right"":""Sound""}]",,
E_SCI_L109_Q1090,109,Technology Around Us: Review,Match the safety rule.,,,,,,Match,"[{""left"":""Password"",""right"":""Secret""},{""left"":""Privacy"",""right"":""Protect""},{""left"":""Stranger"",""right"":""Avoid""},{""left"":""Adult"",""right"":""Help""}]",,
E_SCI_L110_Q1091,110,Technology Around Us,Computers can store information.,TRUE,FALSE,,,TRUE,MCQ,,,
E_SCI_L110_Q1092,110,Technology Around Us,Which device can make calls?,Speaker,Mouse,Phone,Printer,Phone,MCQ,,,
E_SCI_L110_Q1093,110,Technology Around Us,Robots are machines.,TRUE,FALSE,,,TRUE,MCQ,,,
E_SCI_L110_Q1094,110,Technology Around Us,AI means Artificial Intelligence.,TRUE,FALSE,,,TRUE,MCQ,,,
E_SCI_L110_Q1095,110,Technology Around Us,Which helps online safety?,Waste,Litter,Privacy,Noise,Privacy,MCQ,,,
E_SCI_L110_Q1096,110,Technology Around Us,Can AI recognize images?,Yes,No,,,Yes,MCQ,,,
E_SCI_L110_Q1097,110,Technology Around Us,Which device measures time?,Smart watch,Keyboard,Printer,Monitor,Smart watch,MCQ,,,
E_SCI_L110_Q1098,110,Technology Around Us,Should we click unknown links?,No,Yes,,,No,MCQ,,,
E_SCI_L110_Q1099,110,Technology Around Us,Match the technology.,,,,,,Match,"[{""left"":""Robot"",""right"":""Machine""},{""left"":""AI"",""right"":""Smart system""},{""left"":""Computer"",""right"":""Processing""},{""left"":""Internet"",""right"":""Connection""}]",,
E_SCI_L110_Q1100,110,Technology Around Us,Match the device use.,,,,,,Match,"[{""left"":""Phone"",""right"":""Calls""},{""left"":""Tablet"",""right"":""Videos""},{""left"":""Printer"",""right"":""Paper""},{""left"":""Camera"",""right"":""Photos""}]",,
E_SCI_L111_Q1101,111,Technology Around Us,A keyboard is used for typing.,TRUE,FALSE,,,TRUE,MCQ,,,
E_SCI_L111_Q1102,111,Technology Around Us,Which device shows videos?,Printer,Cable,Tablet,Mouse,Tablet,MCQ,,,
E_SCI_L111_Q1103,111,Technology Around Us,Robots can help people.,TRUE,FALSE,,,TRUE,MCQ,,,
E_SCI_L111_Q1104,111,Technology Around Us,AI can learn from data.,TRUE,FALSE,,,TRUE,MCQ,,,
E_SCI_L111_Q1105,111,Technology Around Us,What should we keep private?,Ball,Toy,Book,Password,Password,MCQ,,,
E_SCI_L111_Q1106,111,Technology Around Us,Which uses clean technology?,Paper,Smart system,Stone,Rock,Smart system,MCQ,,,
E_SCI_L111_Q1107,111,Technology Around Us,What controls a computer pointer?,Printer,Mouse,Monitor,Speaker,Mouse,MCQ,,,
E_SCI_L111_Q1108,111,Technology Around Us,Who can help with online problems?,Parents,Stranger,,Robot,Parents,MCQ,,,
E_SCI_L111_Q1109,111,Technology Around Us,Match the computer part.,,,,,,Match,"[{""left"":""Monitor"",""right"":""Display""},{""left"":""Keyboard"",""right"":""Typing""},{""left"":""Mouse"",""right"":""Clicking""},{""left"":""Speaker"",""right"":""Sound""}]",,
E_SCI_L111_Q1110,111,Technology Around Us,Match the technology idea.,,,,,,Match,"[{""left"":""AI"",""right"":""Smart learning""},{""left"":""Robot"",""right"":""Machine work""},{""left"":""Internet"",""right"":""Online connection""},{""left"":""Password"",""right"":""Safety""}]",,
E_SCI_L112_Q1111,112,Science Experiments,Science helps us understand the world.,TRUE,FALSE,,,TRUE,MCQ,,,
E_SCI_L112_Q1112,112,Science Experiments,Scientists ask questions.,TRUE,FALSE,,,TRUE,MCQ,,,
E_SCI_L112_Q1113,112,Science Experiments,Can we test ideas with experiments?,Yes,No,,,Yes,MCQ,,,
E_SCI_L112_Q1114,112,Science Experiments,Who studies science?,Scientist,Artist,Driver,Singer,Scientist,MCQ,,,
E_SCI_L112_Q1115,112,Science Experiments,What comes before an experiment?,Tool,Result,Question,Answer,Question,MCQ,,,
E_SCI_L112_Q1116,112,Science Experiments,A prediction is a smart guess.,TRUE,FALSE,,,TRUE,MCQ,,,
E_SCI_L112_Q1117,112,Science Experiments,What do experiments help us learn?,Games,Songs,Answers,Stories,Answers,MCQ,,,
E_SCI_L112_Q1118,112,Science Experiments,Scientists use tests to learn.,TRUE,FALSE,,,TRUE,MCQ,,,
E_SCI_L112_Q1119,112,Science Experiments,Match the science step.,,,,,,Match,"[{""left"":""Question"",""right"":""Ask""},{""left"":""Prediction"",""right"":""Guess""},{""left"":""Experiment"",""right"":""Test""},{""left"":""Result"",""right"":""Find""}]",,
E_SCI_L112_Q1120,112,Science Experiments,Match the scientist action.,,,,,,Match,"[{""left"":""Observe"",""right"":""Watch""},{""left"":""Measure"",""right"":""Check""},{""left"":""Test"",""right"":""Try""},{""left"":""Record"",""right"":""Write""}]",,
E_SCI_L113_Q1121,113,Science Experiments,Scientists use observations.,TRUE,FALSE,,,TRUE,MCQ,,,
E_SCI_L113_Q1122,113,Science Experiments,We use senses to observe.,TRUE,FALSE,,,TRUE,MCQ,,,
E_SCI_L113_Q1123,113,Science Experiments,Which tool measures temperature?,Clock,Thermometer,Balance,Ruler,Thermometer,MCQ,,,
E_SCI_L113_Q1124,113,Science Experiments,Which tool measures length?,Microscope,Ruler,Cup,Thermometer,Ruler,MCQ,,,
E_SCI_L113_Q1125,113,Science Experiments,Which tool measures weight?,Ruler,Balance,Clock,Camera,Balance,MCQ,,,
E_SCI_L113_Q1126,113,Science Experiments,Why do we record results?,Stop,Hide,Remember,Forget,Remember,MCQ,,,
E_SCI_L113_Q1127,113,Science Experiments,Which sense helps us see?,Hands,Ears,Nose,Eyes,Eyes,MCQ,,,
E_SCI_L113_Q1128,113,Science Experiments,Can we compare objects?,Yes,No,,,Yes,MCQ,,,
E_SCI_L113_Q1129,113,Science Experiments,Match the tool.,,,,,,Match,"[{""left"":""Thermometer"",""right"":""Temperature""},{""left"":""Ruler"",""right"":""Length""},{""left"":""Balance"",""right"":""Weight""},{""left"":""Clock"",""right"":""Time""}]",,
E_SCI_L113_Q1130,113,Science Experiments,Match the observation.,,,,,,Match,"[{""left"":""See"",""right"":""Eyes""},{""left"":""Hear"",""right"":""Ears""},{""left"":""Smell"",""right"":""Nose""},{""left"":""Touch"",""right"":""Hands""}]",,
E_SCI_L114_Q1131,114,Science Experiments,Experiments test ideas.,TRUE,FALSE,,,TRUE,MCQ,,,
E_SCI_L114_Q1132,114,Science Experiments,Ice melts into water.,TRUE,FALSE,,,TRUE,MCQ,,,
E_SCI_L114_Q1133,114,Science Experiments,Can objects float or sink?,Yes,No,,,Yes,MCQ,,,
E_SCI_L114_Q1134,114,Science Experiments,Which floats on water?,Metal,Rock,Wood,Stone,Wood,MCQ,,,
E_SCI_L114_Q1135,114,Science Experiments,Which sinks in water?,Stone,Paper,Cork,Leaf,Stone,MCQ,,,
E_SCI_L114_Q1136,114,Science Experiments,Plants need water to grow.,TRUE,FALSE,,,TRUE,MCQ,,,
E_SCI_L114_Q1137,114,Science Experiments,What happens when sugar mixes with water?,Dissolves,Burns,Freezes,Explodes,Dissolves,MCQ,,,
E_SCI_L114_Q1138,114,Science Experiments,What helps scientists test causes?,Story,Guess,Dream,Experiment,Experiment,MCQ,,,
E_SCI_L114_Q1139,114,Science Experiments,Match the experiment.,,,,,,Match,"[{""left"":""Ice"",""right"":""Melting""},{""left"":""Seed"",""right"":""Growing""},{""left"":""Sugar"",""right"":""Dissolving""},{""left"":""Magnet"",""right"":""Attracting""}]",,
E_SCI_L114_Q1140,114,Science Experiments,Match the result.,,,,,,Match,"[{""left"":""Heat ice"",""right"":""Water""},{""left"":""Add sugar"",""right"":""Solution""},{""left"":""Plant seed"",""right"":""Plant""},{""left"":""Drop stone"",""right"":""Sink""}]",,
E_SCI_L115_Q1141,115,Science Experiments,Solid has a fixed shape.,TRUE,FALSE,,,TRUE,MCQ,,,
E_SCI_L115_Q1142,115,Science Experiments,Liquid can flow.,TRUE,FALSE,,,TRUE,MCQ,,,
E_SCI_L115_Q1143,115,Science Experiments,Gas fills available space.,TRUE,FALSE,,,TRUE,MCQ,,,
E_SCI_L115_Q1144,115,Science Experiments,Ice is a solid.,TRUE,FALSE,,,TRUE,MCQ,,,
E_SCI_L115_Q1145,115,Science Experiments,Water changes into ice by?,Boiling,Burning,Melting,Freezing,Freezing,MCQ,,,
E_SCI_L115_Q1146,115,Science Experiments,Ice changes into water by?,Drying,Breaking,Melting,Freezing,Melting,MCQ,,,
E_SCI_L115_Q1147,115,Science Experiments,Which dissolves in water?,Metal,Salt,Wood,Stone,Salt,MCQ,,,
E_SCI_L115_Q1148,115,Science Experiments,Can materials change form?,Yes,No,,,Yes,MCQ,,,
E_SCI_L115_Q1149,115,Science Experiments,Match the state of matter.,,,,,,Match,"[{""left"":""Ice"",""right"":""Solid""},{""left"":""Water"",""right"":""Liquid""},{""left"":""Air"",""right"":""Gas""},{""left"":""Steam"",""right"":""Gas""}]",,
E_SCI_L115_Q1150,115,Science Experiments,Match the change.,,,,,,Match,"[{""left"":""Ice to water"",""right"":""Melting""},{""left"":""Water to ice"",""right"":""Freezing""},{""left"":""Water to steam"",""right"":""Boiling""},{""left"":""Salt in water"",""right"":""Dissolve""}]",,
E_SCI_L116_Q1151,116,Science Experiments,Safety is important during experiments.,TRUE,FALSE,,,TRUE,MCQ,,,
E_SCI_L116_Q1152,116,Science Experiments,We should follow instructions.,TRUE,FALSE,,,TRUE,MCQ,,,
E_SCI_L116_Q1153,116,Science Experiments,Should we taste experiment materials?,No,Yes,,,No,MCQ,,,
E_SCI_L116_Q1154,116,Science Experiments,What protects our eyes?,Gloves,Goggles,Paper,Book,Goggles,MCQ,,,
E_SCI_L116_Q1155,116,Science Experiments,What protects our hands?,Ruler,Clock,Gloves,Cup,Gloves,MCQ,,,
E_SCI_L116_Q1156,116,Science Experiments,Why work carefully?,Safety,Mess,Noise,Speed,Safety,MCQ,,,
E_SCI_L116_Q1157,116,Science Experiments,Scientists discover new things.,TRUE,FALSE,,,TRUE,MCQ,,,
E_SCI_L116_Q1158,116,Science Experiments,Should we clean tools after use?,Yes,No,,,Yes,MCQ,,,
E_SCI_L116_Q1159,116,Science Experiments,Match the safety item.,,,,,,Match,"[{""left"":""Goggles"",""right"":""Eyes""},{""left"":""Gloves"",""right"":""Hands""},{""left"":""Apron"",""right"":""Clothes""},{""left"":""Notebook"",""right"":""Records""}]",,
E_SCI_L116_Q1160,116,Science Experiments,Match the science habit.,,,,,,Match,"[{""left"":""Follow rules"",""right"":""Safety""},{""left"":""Observe"",""right"":""Watch""},{""left"":""Record"",""right"":""Write""},{""left"":""Discover"",""right"":""Learn""}]",,
E_SCI_L117_Q1161,117,Science Experiments: Review,Scientists ask questions.,TRUE,FALSE,,,TRUE,MCQ,,,
E_SCI_L117_Q1162,117,Science Experiments: Review,Which tool measures temperature?,Thermometer,Balance,Clock,Ruler,Thermometer,MCQ,,,
E_SCI_L117_Q1163,117,Science Experiments: Review,Experiments test ideas.,TRUE,FALSE,,,TRUE,MCQ,,,
E_SCI_L117_Q1164,117,Science Experiments: Review,Which object floats on water?,Metal,Stone,Wood,Rock,Wood,MCQ,,,
E_SCI_L117_Q1165,117,Science Experiments: Review,Ice changes into water by?,Melting,Freezing,Drying,Burning,Melting,MCQ,,,
E_SCI_L117_Q1166,117,Science Experiments: Review,Should we wear safety goggles?,Yes,No,,,Yes,MCQ,,,
E_SCI_L117_Q1167,117,Science Experiments: Review,What do scientists record?,Results,Stories,Songs,Games,Results,MCQ,,,
E_SCI_L117_Q1168,117,Science Experiments: Review,Which is a gas?,Stone,Air,Water,Ice,Air,MCQ,,,
E_SCI_L117_Q1169,117,Science Experiments: Review,Match the science tool.,,,,,,Match,"[{""left"":""Ruler"",""right"":""Length""},{""left"":""Thermometer"",""right"":""Temperature""},{""left"":""Balance"",""right"":""Weight""},{""left"":""Clock"",""right"":""Time""}]",,
E_SCI_L117_Q1170,117,Science Experiments: Review,Match the experiment.,,,,,,Match,"[{""left"":""Seed"",""right"":""Growing""},{""left"":""Ice"",""right"":""Melting""},{""left"":""Salt"",""right"":""Dissolving""},{""left"":""Magnet"",""right"":""Attracting""}]",,
E_SCI_L118_Q1171,118,Science Experiments: Review,A prediction is a smart guess.,TRUE,FALSE,,,TRUE,MCQ,,,
E_SCI_L118_Q1172,118,Science Experiments: Review,Which sense helps us hear?,Nose,Hands,Ears,Eyes,Ears,MCQ,,,
E_SCI_L118_Q1173,118,Science Experiments: Review,Plants need water to grow.,TRUE,FALSE,,,TRUE,MCQ,,,
E_SCI_L118_Q1174,118,Science Experiments: Review,Which material dissolves in water?,Wood,Salt,Metal,Stone,Salt,MCQ,,,
E_SCI_L118_Q1175,118,Science Experiments: Review,What protects eyes in experiments?,Paper,Cup,Goggles,Book,Goggles,MCQ,,,
E_SCI_L118_Q1176,118,Science Experiments: Review,Can scientists compare objects?,Yes,No,,,Yes,MCQ,,,
E_SCI_L118_Q1177,118,Science Experiments: Review,Water becomes ice by?,Burning,Melting,Freezing,Drying,Freezing,MCQ,,,
E_SCI_L118_Q1178,118,Science Experiments: Review,Should we follow safety rules?,Yes,No,,,Yes,MCQ,,,
E_SCI_L118_Q1179,118,Science Experiments: Review,Match the matter state.,,,,,,Match,"[{""left"":""Ice"",""right"":""Solid""},{""left"":""Water"",""right"":""Liquid""},{""left"":""Air"",""right"":""Gas""},{""left"":""Steam"",""right"":""Gas""}]",,
E_SCI_L118_Q1180,118,Science Experiments: Review,Match the scientist action.,,,,,,Match,"[{""left"":""Observe"",""right"":""Watch""},{""left"":""Measure"",""right"":""Check""},{""left"":""Test"",""right"":""Try""},{""left"":""Record"",""right"":""Write""}]",,
E_SCI_L119_Q1181,119,Science Experiments: Review,Science helps us learn about the world.,TRUE,FALSE,,,TRUE,MCQ,,,
E_SCI_L119_Q1182,119,Science Experiments: Review,Which tool measures length?,Ruler,Cup,Clock,Balance,Ruler,MCQ,,,
E_SCI_L119_Q1183,119,Science Experiments: Review,An experiment tests an idea.,TRUE,FALSE,,,TRUE,MCQ,,,
E_SCI_L119_Q1184,119,Science Experiments: Review,Which object sinks in water?,Wood,Cork,Leaf,Stone,Stone,MCQ,,,
E_SCI_L119_Q1185,119,Science Experiments: Review,Water changes to steam by?,Melting,Freezing,Breaking,Boiling,Boiling,MCQ,,,
E_SCI_L119_Q1186,119,Science Experiments: Review,Why record experiment results?,Forget,Remember,Stop,Hide,Remember,MCQ,,,
E_SCI_L119_Q1187,119,Science Experiments: Review,Which is safe during experiments?,Goggles,Run,Play,Taste,Goggles,MCQ,,,
E_SCI_L119_Q1188,119,Science Experiments: Review,Scientists discover new things.,TRUE,FALSE,,,TRUE,MCQ,,,
E_SCI_L119_Q1189,119,Science Experiments: Review,Match the observation tool.,,,,,,Match,"[{""left"":""Thermometer"",""right"":""Temperature""},{""left"":""Ruler"",""right"":""Length""},{""left"":""Balance"",""right"":""Weight""},{""left"":""Microscope"",""right"":""Small objects""}]",,
E_SCI_L119_Q1190,119,Science Experiments: Review,Match the science process.,,,,,,Match,"[{""left"":""Question"",""right"":""Ask""},{""left"":""Prediction"",""right"":""Guess""},{""left"":""Experiment"",""right"":""Test""},{""left"":""Result"",""right"":""Find""}]",,
